#  Time[s]  	bnd_inflow[Q [m3/s]] 	bnd_inflow[Qsed tot [m3/s]] 	bnd_inflow[Qsed d=7 mm [m3/s]] 	bnd_inflow[Qsed d=20 mm [m3/s]] 	bnd_inflow[Qsed d=33 mm [m3/s]] 	bnd_inflow[Qsed d=46 mm [m3/s]] 	bnd_inflow[Qsed d=59 mm [m3/s]] 	bnd_outflow[Q [m3/s]] 	bnd_outflow[Qsed tot [m3/s]] 	bnd_outflow[Qsed d=7 mm [m3/s]] 	bnd_outflow[Qsed d=20 mm [m3/s]] 	bnd_outflow[Qsed d=33 mm [m3/s]] 	bnd_outflow[Qsed d=46 mm [m3/s]] 	bnd_outflow[Qsed d=59 mm [m3/s]] 	bnd_inflow_sed[Q [m3/s]] 	bnd_inflow_sed[Qsed tot [m3/s]] 	bnd_inflow_sed[Qsed d=7 mm [m3/s]] 	bnd_inflow_sed[Qsed d=20 mm [m3/s]] 	bnd_inflow_sed[Qsed d=33 mm [m3/s]] 	bnd_inflow_sed[Qsed d=46 mm [m3/s]] 	bnd_inflow_sed[Qsed d=59 mm [m3/s]] 	
0 	              -0 	               0 	               0 	               0 	               0 	               0 	               0 	               0 	               0 	               0 	               0 	               0 	               0 	               0 	               0 	               0 	               0 	               0 	               0 	               0 	               0
1000 	       7.2597743 	               0 	               0 	               0 	               0 	               0 	               0 	        7.306721 	               0 	               0 	               0 	               0 	               0 	               0 	               0 	               0 	               0 	               0 	               0 	               0 	               0
2000 	       7.0130739 	               0 	               0 	               0 	               0 	               0 	               0 	       7.1727441 	               0 	               0 	               0 	               0 	               0 	               0 	               0 	               0 	               0 	               0 	               0 	               0 	               0
3000 	       6.8821947 	               0 	               0 	               0 	               0 	               0 	               0 	       6.9810498 	               0 	               0 	               0 	               0 	               0 	               0 	               0 	               0 	               0 	               0 	               0 	               0 	               0
4000 	       6.7566981 	               0 	               0 	               0 	               0 	               0 	               0 	       6.8478914 	               0 	               0 	               0 	               0 	               0 	               0 	               0 	               0 	               0 	               0 	               0 	               0 	               0
5000 	       6.6376651 	               0 	               0 	               0 	               0 	               0 	               0 	       6.7266188 	               0 	               0 	               0 	               0 	               0 	               0 	               0 	               0 	               0 	               0 	               0 	               0 	               0
6000 	        6.657376 	               0 	               0 	               0 	               0 	               0 	               0 	       6.6464233 	               0 	               0 	               0 	               0 	               0 	               0 	               0 	               0 	               0 	               0 	               0 	               0 	               0
7000 	       6.7125897 	               0 	               0 	               0 	               0 	               0 	               0 	       6.6760163 	               0 	               0 	               0 	               0 	               0 	               0 	               0 	               0 	               0 	               0 	               0 	               0 	               0
8000 	       6.7326739 	               0 	               0 	               0 	               0 	               0 	               0 	       6.7217065 	               0 	               0 	               0 	               0 	               0 	               0 	               0 	               0 	               0 	               0 	               0 	               0 	               0
9000 	       6.7326739 	               0 	               0 	               0 	               0 	               0 	               0 	       6.7325934 	               0 	               0 	               0 	               0 	               0 	               0 	               0 	               0 	               0 	               0 	               0 	               0 	               0
10000 	       6.7326739 	               0 	               0 	               0 	               0 	               0 	               0 	       6.7341382 	               0 	               0 	               0 	               0 	               0 	               0 	               0 	               0 	               0 	               0 	               0 	               0 	               0
11000 	       6.7326739 	               0 	               0 	               0 	               0 	               0 	               0 	       6.7335763 	               0 	               0 	               0 	               0 	               0 	               0 	               0 	               0 	               0 	               0 	               0 	               0 	               0
12000 	       6.7326739 	               0 	               0 	               0 	               0 	               0 	               0 	       6.7336789 	               0 	               0 	               0 	               0 	               0 	               0 	               0 	               0 	               0 	               0 	               0 	               0 	               0
13000 	       6.7326739 	               0 	               0 	               0 	               0 	               0 	               0 	        6.733934 	               0 	               0 	               0 	               0 	               0 	               0 	               0 	               0 	               0 	               0 	               0 	               0 	               0
14000 	       6.7326739 	               0 	               0 	               0 	               0 	               0 	               0 	       6.7335916 	               0 	               0 	               0 	               0 	               0 	               0 	               0 	               0 	               0 	               0 	               0 	               0 	               0
15000 	       6.7326739 	               0 	               0 	               0 	               0 	               0 	               0 	       6.7340339 	               0 	               0 	               0 	               0 	               0 	               0 	               0 	               0 	               0 	               0 	               0 	               0 	               0
16000 	       6.9517281 	               0 	               0 	               0 	               0 	               0 	               0 	       6.7855824 	               0 	               0 	               0 	               0 	               0 	               0 	               0 	               0 	               0 	               0 	               0 	               0 	               0
17000 	       7.2755221 	               0 	               0 	               0 	               0 	               0 	               0 	       7.0506879 	               0 	               0 	               0 	               0 	               0 	               0 	               0 	               0 	               0 	               0 	               0 	               0 	               0
18000 	       7.4211082 	               0 	               0 	               0 	               0 	               0 	               0 	       7.3251319 	               0 	               0 	               0 	               0 	               0 	               0 	               0 	               0 	               0 	               0 	               0 	               0 	               0
19000 	       7.4881572 	               0 	               0 	               0 	               0 	               0 	               0 	       7.4309693 	               0 	               0 	               0 	               0 	               0 	               0 	               0 	               0 	               0 	               0 	               0 	               0 	               0
20000 	       7.4160919 	               0 	               0 	               0 	               0 	               0 	               0 	       7.4782466 	               0 	               0 	               0 	               0 	               0 	               0 	               0 	               0 	               0 	               0 	               0 	               0 	               0
21000 	       7.2597608 	               0 	               0 	               0 	               0 	               0 	               0 	       7.3669697 	               0 	               0 	               0 	               0 	               0 	               0 	               0 	               0 	               0 	               0 	               0 	               0 	               0
22000 	       7.1084515 	               0 	               0 	               0 	               0 	               0 	               0 	       7.2173604 	               0 	               0 	               0 	               0 	               0 	               0 	               0 	               0 	               0 	               0 	               0 	               0 	               0
23000 	       6.9614483 	               0 	               0 	               0 	               0 	               0 	               0 	       7.0684788 	               0 	               0 	               0 	               0 	               0 	               0 	               0 	               0 	               0 	               0 	               0 	               0 	               0
24000 	        6.814435 	               0 	               0 	               0 	               0 	               0 	               0 	       6.9221837 	               0 	               0 	               0 	               0 	               0 	               0 	               0 	               0 	               0 	               0 	               0 	               0 	               0
25000 	       6.8008001 	               0 	               0 	               0 	               0 	               0 	               0 	       6.8198079 	               0 	               0 	               0 	               0 	               0 	               0 	               0 	               0 	               0 	               0 	               0 	               0 	               0
26000 	       6.8054612 	               0 	               0 	               0 	               0 	               0 	               0 	       6.8050013 	               0 	               0 	               0 	               0 	               0 	               0 	               0 	               0 	               0 	               0 	               0 	               0 	               0
27000 	        6.811198 	               0 	               0 	               0 	               0 	               0 	               0 	       6.8083846 	               0 	               0 	               0 	               0 	               0 	               0 	               0 	               0 	               0 	               0 	               0 	               0 	               0
28000 	        6.816218 	               0 	               0 	               0 	               0 	               0 	               0 	       6.8133895 	               0 	               0 	               0 	               0 	               0 	               0 	               0 	               0 	               0 	               0 	               0 	               0 	               0
29000 	       6.8212379 	               0 	               0 	               0 	               0 	               0 	               0 	       6.8184346 	               0 	               0 	               0 	               0 	               0 	               0 	               0 	               0 	               0 	               0 	               0 	               0 	               0
30000.001 	       6.8262579 	               0 	               0 	               0 	               0 	               0 	               0 	       6.8233134 	               0 	               0 	               0 	               0 	               0 	               0 	               0 	               0 	               0 	               0 	               0 	               0 	               0
31000 	       7.0248946 	               0 	               0 	               0 	               0 	               0 	               0 	       6.8808805 	               0 	               0 	               0 	               0 	               0 	               0 	               0 	               0 	               0 	               0 	               0 	               0 	               0
32000 	       7.2984575 	               0 	               0 	               0 	               0 	               0 	               0 	       7.1063087 	               0 	               0 	               0 	               0 	               0 	               0 	               0 	               0 	               0 	               0 	               0 	               0 	               0
33000 	       7.5835307 	               0 	               0 	               0 	               0 	               0 	               0 	       7.3792409 	               0 	               0 	               0 	               0 	               0 	               0 	               0 	               0 	               0 	               0 	               0 	               0 	               0
34000 	       7.7355771 	               0 	               0 	               0 	               0 	               0 	               0 	       7.6564422 	               0 	               0 	               0 	               0 	               0 	               0 	               0 	  -1.6391834e-06 	  -1.6391834e-06 	               0 	               0 	               0 	               0
35000 	        7.630147 	               0 	               0 	               0 	               0 	               0 	               0 	       7.6621324 	               0 	               0 	               0 	               0 	               0 	               0 	               0 	               0 	               0 	               0 	               0 	               0 	               0
36000 	       7.6577561 	               0 	               0 	               0 	               0 	               0 	               0 	       7.6459635 	               0 	               0 	               0 	               0 	               0 	               0 	               0 	   -5.343604e-08 	   -5.343604e-08 	               0 	               0 	               0 	               0
37000 	       7.6853662 	               0 	               0 	               0 	               0 	               0 	               0 	       7.6675012 	               0 	               0 	               0 	               0 	               0 	               0 	               0 	     -4.1273e-07 	     -4.1273e-07 	               0 	               0 	               0 	               0
38000 	        7.712975 	               0 	               0 	               0 	               0 	               0 	               0 	       7.6945882 	               0 	               0 	               0 	               0 	               0 	               0 	               0 	  -1.0522274e-06 	  -1.0522274e-06 	               0 	               0 	               0 	               0
39000 	       7.6738937 	               0 	               0 	               0 	               0 	               0 	               0 	       7.7071875 	               0 	               0 	               0 	               0 	               0 	               0 	               0 	  -2.8013378e-07 	  -2.8013378e-07 	               0 	               0 	               0 	               0
40000.001 	       7.6441324 	               0 	               0 	               0 	               0 	               0 	               0 	       7.6523213 	               0 	               0 	               0 	               0 	               0 	               0 	               0 	  -6.6360549e-09 	  -6.6360549e-09 	               0 	               0 	               0 	               0
41000 	       7.7230115 	               0 	               0 	               0 	               0 	               0 	               0 	       7.6759718 	               0 	               0 	               0 	               0 	               0 	               0 	               0 	   -1.411903e-06 	   -1.411903e-06 	               0 	               0 	               0 	               0
42000 	       7.8018942 	               0 	               0 	               0 	               0 	               0 	               0 	       7.7461525 	               0 	               0 	               0 	               0 	               0 	               0 	               0 	  -4.6942497e-06 	  -4.6942497e-06 	               0 	               0 	               0 	               0
43000 	       7.8883095 	               0 	               0 	               0 	               0 	               0 	               0 	       7.8246169 	               0 	               0 	               0 	               0 	               0 	               0 	               0 	  -1.0139665e-05 	  -1.0139665e-05 	               0 	               0 	               0 	               0
44000 	        8.417898 	               0 	               0 	               0 	               0 	               0 	               0 	       8.0812957 	               0 	               0 	               0 	               0 	               0 	               0 	               0 	  -6.7210819e-05 	  -6.7210819e-05 	               0 	               0 	               0 	               0
45000 	       8.4236413 	               0 	               0 	               0 	               0 	               0 	               0 	       8.3821825 	               0 	               0 	               0 	               0 	               0 	               0 	               0 	  -9.3725381e-05 	  -9.1964335e-05 	  -1.7610457e-06 	               0 	               0 	               0
46000 	       8.4139601 	               0 	               0 	               0 	               0 	               0 	               0 	       8.4193045 	               0 	               0 	               0 	               0 	               0 	               0 	               0 	  -0.00016557242 	  -0.00014588861 	  -1.9016353e-05 	  -6.6745741e-07 	               0 	               0
47000 	       8.4042793 	               0 	               0 	               0 	               0 	               0 	               0 	       8.4126848 	               0 	               0 	               0 	               0 	               0 	               0 	               0 	  -0.00036270883 	  -0.00026719671 	  -7.4107461e-05 	  -1.4259734e-05 	  -5.7959051e-06 	  -1.3490191e-06
48000 	       8.3935221 	               0 	               0 	               0 	               0 	               0 	               0 	        8.401173 	               0 	               0 	               0 	               0 	               0 	               0 	               0 	  -0.00067900165 	  -0.00044647209 	  -0.00016170378 	  -4.1657876e-05 	  -2.0655811e-05 	  -8.5120924e-06
49000 	        8.383841 	               0 	               0 	               0 	               0 	               0 	               0 	       8.3941345 	               0 	               0 	               0 	               0 	               0 	               0 	               0 	  -0.00096314045 	  -0.00056744219 	  -0.00022510107 	  -7.8640293e-05 	  -6.1893241e-05 	  -3.0063651e-05
50000 	       8.3741601 	               0 	               0 	               0 	               0 	               0 	               0 	       8.3847948 	               0 	               0 	               0 	               0 	               0 	               0 	               0 	  -0.00089873531 	  -0.00052072338 	   -0.0002007873 	  -7.3147403e-05 	  -6.4971738e-05 	  -3.9105489e-05
51000 	       8.3666301 	               0 	               0 	               0 	               0 	               0 	               0 	       8.3750978 	               0 	               0 	               0 	               0 	               0 	               0 	               0 	  -0.00099958536 	  -0.00058261884 	  -0.00022581269 	   -7.325095e-05 	  -6.9631591e-05 	  -4.8271287e-05
52000 	       8.6993586 	               0 	               0 	               0 	               0 	               0 	               0 	        8.486798 	               0 	               0 	               0 	               0 	               0 	               0 	               0 	   -0.0011938878 	  -0.00069406834 	  -0.00028424692 	  -9.2571205e-05 	  -7.2559523e-05 	  -5.0441847e-05
53000 	       8.8736337 	               0 	               0 	               0 	               0 	               0 	               0 	       8.7818668 	               0 	               0 	               0 	               0 	               0 	               0 	               0 	   -0.0021930108 	   -0.0012163863 	   -0.0005045085 	   -0.0001958463 	  -0.00017403585 	   -0.0001022338
54000 	       8.8603674 	               0 	               0 	               0 	               0 	               0 	               0 	       8.8626698 	               0 	               0 	               0 	               0 	               0 	               0 	               0 	   -0.0021793699 	   -0.0011990107 	  -0.00049502016 	  -0.00018914447 	  -0.00017857419 	   -0.0001176204
55000 	       8.8471005 	               0 	               0 	               0 	               0 	               0 	               0 	       8.8616356 	               0 	               0 	               0 	               0 	               0 	               0 	               0 	   -0.0020153548 	   -0.0010839803 	  -0.00046012872 	  -0.00017338071 	  -0.00017401406 	  -0.00012385101
56000 	       8.8338335 	               0 	               0 	               0 	               0 	               0 	               0 	       8.8517058 	               0 	               0 	               0 	               0 	               0 	               0 	               0 	   -0.0031499498 	   -0.0017149026 	  -0.00074118585 	  -0.00027859642 	    -0.000245228 	  -0.00017003695
57000 	       8.8205675 	               0 	               0 	               0 	               0 	               0 	               0 	       8.8403331 	               0 	               0 	               0 	               0 	               0 	               0 	               0 	   -0.0028632658 	   -0.0014724394 	  -0.00066330066 	  -0.00027523623 	  -0.00026761843 	  -0.00018467107
58000 	       8.8065835 	               0 	               0 	               0 	               0 	               0 	               0 	       8.8274225 	               0 	               0 	               0 	               0 	               0 	               0 	               0 	    -0.003334079 	   -0.0016917577 	  -0.00077004133 	   -0.0003267001 	  -0.00032354151 	  -0.00022203841
59000 	       8.8976438 	               0 	               0 	               0 	               0 	               0 	               0 	       8.8363929 	               0 	               0 	               0 	               0 	               0 	               0 	               0 	   -0.0032785171 	   -0.0016665694 	   -0.0007563458 	  -0.00031918352 	  -0.00031571974 	  -0.00022069857
60000 	       9.0432165 	               0 	               0 	               0 	               0 	               0 	               0 	       8.9500555 	               0 	               0 	               0 	               0 	               0 	               0 	               0 	   -0.0032962942 	   -0.0016774376 	  -0.00076089332 	  -0.00032067968 	  -0.00031658508 	  -0.00022069857
61000 	       9.1880835 	               0 	               0 	               0 	               0 	               0 	               0 	       9.0919705 	               0 	               0 	               0 	               0 	               0 	               0 	               0 	   -0.0033382676 	   -0.0016998348 	  -0.00077156847 	  -0.00032542203 	   -0.0003206975 	  -0.00022074483
62000 	       9.3333015 	               0 	               0 	               0 	               0 	               0 	               0 	       9.2348468 	               0 	               0 	               0 	               0 	               0 	               0 	               0 	   -0.0033887352 	   -0.0017284624 	  -0.00078416666 	  -0.00033020246 	  -0.00032438015 	  -0.00022152349
63000 	       10.339375 	               0 	               0 	               0 	               0 	               0 	               0 	       9.6567171 	               0 	               0 	               0 	               0 	               0 	               0 	               0 	   -0.0033058769 	   -0.0016881883 	  -0.00076322605 	  -0.00031951457 	  -0.00031424934 	  -0.00022069857
64000 	       10.083783 	               0 	               0 	               0 	               0 	               0 	               0 	       10.143699 	               0 	               0 	               0 	               0 	               0 	               0 	               0 	    -0.003334897 	   -0.0017036277 	  -0.00077073725 	  -0.00032290768 	   -0.0003169259 	  -0.00022069857
65000 	       10.326135 	               0 	               0 	               0 	               0 	               0 	               0 	       10.129939 	               0 	               0 	               0 	               0 	               0 	               0 	               0 	   -0.0033477791 	   -0.0017111552 	   -0.0007740358 	  -0.00032412836 	  -0.00031776119 	  -0.00022069857
66000 	       10.736348 	               0 	               0 	               0 	               0 	               0 	               0 	       10.491412 	               0 	               0 	               0 	               0 	               0 	               0 	               0 	   -0.0033659685 	   -0.0017216815 	  -0.00077868486 	  -0.00032588558 	  -0.00031901798 	  -0.00022069857
67000 	       10.919565 	               0 	               0 	               0 	               0 	               0 	               0 	       10.779914 	               0 	               0 	               0 	               0 	               0 	               0 	               0 	    -0.003383228 	    -0.001731175 	  -0.00078308418 	  -0.00032773548 	  -0.00032053474 	  -0.00022069857
68000 	       11.103151 	               0 	               0 	               0 	               0 	               0 	               0 	       10.970003 	               0 	               0 	               0 	               0 	               0 	               0 	               0 	   -0.0033928124 	   -0.0017366038 	  -0.00078552314 	  -0.00032869944 	  -0.00032128742 	  -0.00022069857
69000 	       10.900961 	               0 	               0 	               0 	               0 	               0 	               0 	       11.083131 	               0 	               0 	               0 	               0 	               0 	               0 	               0 	   -0.0033909047 	   -0.0017353779 	  -0.00078503633 	  -0.00032856274 	  -0.00032122921 	  -0.00022069857
70000 	       10.480697 	               0 	               0 	               0 	               0 	               0 	               0 	       10.739695 	               0 	               0 	               0 	               0 	               0 	               0 	               0 	    -0.003383381 	   -0.0017308095 	  -0.00078311916 	   -0.0003279226 	  -0.00032083112 	  -0.00022069857
71000 	       10.488235 	               0 	               0 	               0 	               0 	               0 	               0 	       10.525507 	               0 	               0 	               0 	               0 	               0 	               0 	               0 	   -0.0033835816 	   -0.0017308386 	  -0.00078316937 	  -0.00032797483 	  -0.00032090027 	  -0.00022069857
72000 	        9.365982 	               0 	               0 	               0 	               0 	               0 	               0 	       10.073235 	               0 	               0 	               0 	               0 	               0 	               0 	               0 	   -0.0033641979 	   -0.0017187303 	    -0.000778226 	  -0.00032645349 	  -0.00032008954 	  -0.00022069857
73000 	       11.287733 	               0 	               0 	               0 	               0 	               0 	               0 	       10.144116 	               0 	               0 	               0 	               0 	               0 	               0 	               0 	   -0.0033750654 	   -0.0017275332 	  -0.00078100703 	  -0.00032653581 	  -0.00031929086 	  -0.00022069857
74000 	       12.992464 	               0 	               0 	               0 	               0 	               0 	               0 	        12.11587 	               0 	               0 	               0 	               0 	               0 	               0 	               0 	   -0.0034160983 	    -0.001751933 	  -0.00079146923 	  -0.00033022999 	  -0.00032176748 	  -0.00022069857
75000 	       11.846529 	               0 	               0 	               0 	               0 	               0 	               0 	       12.425741 	               0 	               0 	               0 	               0 	               0 	               0 	               0 	   -0.0033749003 	   -0.0017283268 	  -0.00078096267 	  -0.00032617531 	  -0.00031873698 	  -0.00022069857
76000 	       10.913482 	               0 	               0 	               0 	               0 	               0 	               0 	       11.450205 	               0 	               0 	               0 	               0 	               0 	               0 	               0 	   -0.0033448951 	   -0.0017109511 	  -0.00077327715 	  -0.00032326953 	  -0.00031669885 	  -0.00022069857
77000 	       10.896985 	               0 	               0 	               0 	               0 	               0 	               0 	       10.952341 	               0 	               0 	               0 	               0 	               0 	               0 	               0 	   -0.0033403101 	   -0.0017088036 	  -0.00077208797 	  -0.00032261918 	  -0.00031610074 	  -0.00022069857
78000 	       11.772213 	               0 	               0 	               0 	               0 	               0 	               0 	       11.417505 	               0 	               0 	               0 	               0 	               0 	               0 	               0 	   -0.0033717125 	   -0.0017274209 	  -0.00078013958 	  -0.00032549932 	  -0.00031795418 	  -0.00022069857
79000 	       12.055101 	               0 	               0 	               0 	               0 	               0 	               0 	       11.832852 	               0 	               0 	               0 	               0 	               0 	               0 	               0 	   -0.0034078649 	   -0.0017477008 	  -0.00078937628 	  -0.00032923702 	  -0.00032085226 	  -0.00022069857
80000 	       13.945014 	               0 	               0 	               0 	               0 	               0 	               0 	       12.786157 	               0 	               0 	               0 	               0 	               0 	               0 	               0 	   -0.0034716108 	   -0.0017851755 	   -0.0008055734 	  -0.00033508926 	   -0.0003249717 	  -0.00022080096
81000 	       14.912104 	               0 	               0 	               0 	               0 	               0 	               0 	       14.314885 	               0 	               0 	               0 	               0 	               0 	               0 	               0 	   -0.0035486863 	   -0.0018265494 	  -0.00082454334 	  -0.00034299816 	  -0.00033182143 	  -0.00022277399
82000 	       14.934011 	               0 	               0 	               0 	               0 	               0 	               0 	       14.862543 	               0 	               0 	               0 	               0 	               0 	               0 	               0 	   -0.0035520944 	   -0.0018289313 	  -0.00082543533 	  -0.00034319287 	  -0.00033182524 	  -0.00022270965
83000 	       14.219066 	               0 	               0 	               0 	               0 	               0 	               0 	       14.705564 	               0 	               0 	               0 	               0 	               0 	               0 	               0 	   -0.0035367319 	   -0.0018210086 	  -0.00082171469 	  -0.00034155842 	   -0.0003303124 	  -0.00022213777
84000 	       13.525587 	               0 	               0 	               0 	               0 	               0 	               0 	       13.850423 	               0 	               0 	               0 	               0 	               0 	               0 	               0 	    -0.003528276 	   -0.0018161866 	  -0.00081961541 	  -0.00034078039 	  -0.00032972292 	  -0.00022197073
85000 	       13.562515 	               0 	               0 	               0 	               0 	               0 	               0 	         13.5812 	               0 	               0 	               0 	               0 	               0 	               0 	               0 	   -0.0035492125 	   -0.0018274176 	  -0.00082473556 	  -0.00034289488 	  -0.00033155697 	  -0.00022260749
86000 	       13.599449 	               0 	               0 	               0 	               0 	               0 	               0 	       13.584198 	               0 	               0 	               0 	               0 	               0 	               0 	               0 	   -0.0035816424 	   -0.0018441626 	  -0.00083255358 	  -0.00034629791 	  -0.00033470913 	  -0.00022391911
87000 	       13.636378 	               0 	               0 	               0 	               0 	               0 	               0 	       13.625106 	               0 	               0 	               0 	               0 	               0 	               0 	               0 	    -0.003618596 	   -0.0018629619 	  -0.00084137201 	  -0.00035018671 	  -0.00033840664 	   -0.0002256688
88000 	       13.645348 	               0 	               0 	               0 	               0 	               0 	               0 	       13.654661 	               0 	               0 	               0 	               0 	               0 	               0 	               0 	    -0.003655949 	   -0.0018817574 	  -0.00085021052 	  -0.00035411683 	  -0.00034221851 	  -0.00022764572
89000 	       13.606981 	               0 	               0 	               0 	               0 	               0 	               0 	       13.630012 	               0 	               0 	               0 	               0 	               0 	               0 	               0 	   -0.0036918395 	   -0.0018996242 	  -0.00085863911 	  -0.00035789954 	  -0.00034595668 	     -0.00022972
90000 	       13.567539 	               0 	               0 	               0 	               0 	               0 	               0 	       13.588072 	               0 	               0 	               0 	               0 	               0 	               0 	               0 	   -0.0037355695 	   -0.0019212252 	  -0.00086884429 	  -0.00036250554 	   -0.0003505738 	  -0.00023242063
91000 	       13.529172 	               0 	               0 	               0 	               0 	               0 	               0 	       13.561252 	               0 	               0 	               0 	               0 	               0 	               0 	               0 	    -0.003786334 	   -0.0019460346 	  -0.00088060477 	  -0.00036786446 	  -0.00035604301 	   -0.0002357872
92000 	        13.35529 	               0 	               0 	               0 	               0 	               0 	               0 	       13.491883 	               0 	               0 	               0 	               0 	               0 	               0 	               0 	   -0.0038876422 	   -0.0019948055 	  -0.00090383973 	   -0.0003785988 	  -0.00036726879 	  -0.00024312936
93000 	       13.080261 	               0 	               0 	               0 	               0 	               0 	               0 	       13.259528 	               0 	               0 	               0 	               0 	               0 	               0 	               0 	   -0.0039463405 	   -0.0020231289 	  -0.00091726576 	  -0.00038475784 	  -0.00037372017 	   -0.0002474678
94000 	        12.80704 	               0 	               0 	               0 	               0 	               0 	               0 	        12.96628 	               0 	               0 	               0 	               0 	               0 	               0 	               0 	   -0.0039099827 	   -0.0020057427 	  -0.00090898204 	  -0.00038091671 	  -0.00036964944 	  -0.00024469187
95000 	       12.630622 	               0 	               0 	               0 	               0 	               0 	               0 	        12.75689 	               0 	               0 	               0 	               0 	               0 	               0 	               0 	   -0.0038901326 	   -0.0019961544 	  -0.00090443684 	   -0.0003788328 	  -0.00036747138 	  -0.00024323719
96000 	       12.481114 	               0 	               0 	               0 	               0 	               0 	               0 	       12.547442 	               0 	               0 	               0 	               0 	               0 	               0 	               0 	   -0.0038728292 	   -0.0019878099 	  -0.00090047433 	  -0.00037701073 	  -0.00036556488 	  -0.00024196935
97000 	       12.466042 	               0 	               0 	               0 	               0 	               0 	               0 	       12.471812 	               0 	               0 	               0 	               0 	               0 	               0 	               0 	   -0.0038736551 	   -0.0019881666 	    -0.000900656 	  -0.00037710573 	  -0.00036567612 	  -0.00024205068
98000 	       12.466042 	               0 	               0 	               0 	               0 	               0 	               0 	       12.455162 	               0 	               0 	               0 	               0 	               0 	               0 	               0 	   -0.0038769205 	   -0.0019897069 	  -0.00090139773 	  -0.00037745633 	   -0.0003660527 	  -0.00024230689
99000 	       12.466042 	               0 	               0 	               0 	               0 	               0 	               0 	       12.482686 	               0 	               0 	               0 	               0 	               0 	               0 	               0 	   -0.0038808014 	   -0.0019915451 	  -0.00090228046 	   -0.0003778714 	  -0.00036649649 	  -0.00024260794
100000 	       12.466042 	               0 	               0 	               0 	               0 	               0 	               0 	       12.480352 	               0 	               0 	               0 	               0 	               0 	               0 	               0 	   -0.0038847406 	   -0.0019934014 	  -0.00090317455 	  -0.00037829435 	   -0.0003669515 	  -0.00024291878
101000 	       12.466042 	               0 	               0 	               0 	               0 	               0 	               0 	       12.450525 	               0 	               0 	               0 	               0 	               0 	               0 	               0 	   -0.0038869994 	   -0.0019944592 	  -0.00090368595 	  -0.00037853805 	   -0.0003672156 	   -0.0002431006
102000 	       12.466042 	               0 	               0 	               0 	               0 	               0 	               0 	       12.467767 	               0 	               0 	               0 	               0 	               0 	               0 	               0 	    -0.003889088 	   -0.0019954454 	  -0.00090416023 	   -0.0003787618 	  -0.00036745585 	  -0.00024326473
103000 	       12.541685 	               0 	               0 	               0 	               0 	               0 	               0 	       12.490088 	               0 	               0 	               0 	               0 	               0 	               0 	               0 	   -0.0039075047 	   -0.0020041497 	   -0.0009083418 	  -0.00038073113 	  -0.00036956935 	  -0.00024471279
104000 	       12.844309 	               0 	               0 	               0 	               0 	               0 	               0 	       12.665506 	               0 	               0 	               0 	               0 	               0 	               0 	               0 	   -0.0039512069 	   -0.0020250306 	  -0.00091829359 	  -0.00038534941 	  -0.00037446995 	  -0.00024806332
105000 	       12.961931 	               0 	               0 	               0 	               0 	               0 	               0 	       12.893268 	               0 	               0 	               0 	               0 	               0 	               0 	               0 	    -0.003966874 	   -0.0020325257 	  -0.00092185932 	  -0.00038699967 	  -0.00037622078 	  -0.00024926847
106000 	       12.941481 	               0 	               0 	               0 	               0 	               0 	               0 	       12.938532 	               0 	               0 	               0 	               0 	               0 	               0 	               0 	   -0.0039660328 	   -0.0020321005 	  -0.00092166361 	  -0.00038691527 	  -0.00037613778 	  -0.00024921563
107000 	       14.394734 	               0 	               0 	               0 	               0 	               0 	               0 	       13.821849 	               0 	               0 	               0 	               0 	               0 	               0 	               0 	   -0.0041617666 	   -0.0021244514 	  -0.00096583272 	  -0.00040763665 	  -0.00039858101 	  -0.00026526489
108000 	       14.396885 	               0 	               0 	               0 	               0 	               0 	               0 	       14.344021 	               0 	               0 	               0 	               0 	               0 	               0 	               0 	   -0.0041572009 	   -0.0021223741 	  -0.00096482023 	  -0.00040714235 	  -0.00039802156 	  -0.00026484262
109000 	       14.972709 	               0 	               0 	               0 	               0 	               0 	               0 	       14.629579 	               0 	               0 	               0 	               0 	               0 	               0 	               0 	   -0.0042318318 	   -0.0021571591 	  -0.00098152715 	  -0.00041506976 	  -0.00040676575 	  -0.00027131007
110000 	       14.713884 	               0 	               0 	               0 	               0 	               0 	               0 	       14.970116 	               0 	               0 	               0 	               0 	               0 	               0 	               0 	   -0.0041909153 	    -0.002138197 	  -0.00097239264 	  -0.00041070798 	  -0.00040192088 	  -0.00026769688
111000 	       14.521669 	               0 	               0 	               0 	               0 	               0 	               0 	       14.628059 	               0 	               0 	               0 	               0 	               0 	               0 	               0 	   -0.0041711999 	   -0.0021289536 	  -0.00096796697 	  -0.00040862182 	  -0.00039963633 	  -0.00026602118
112000 	       13.256455 	               0 	               0 	               0 	               0 	               0 	               0 	       14.395057 	               0 	               0 	               0 	               0 	               0 	               0 	               0 	   -0.0039864368 	   -0.0020422558 	   -0.0009263802 	   -0.0003889906 	  -0.00037822728 	  -0.00025058291
113000 	       9.7600071 	               0 	               0 	               0 	               0 	               0 	               0 	       11.429806 	               0 	               0 	               0 	               0 	               0 	               0 	               0 	   -0.0036807841 	   -0.0018892978 	  -0.00085529198 	  -0.00035777993 	  -0.00034720726 	  -0.00023120712
114000 	       17.532403 	               0 	               0 	               0 	               0 	               0 	               0 	       10.977878 	               0 	               0 	               0 	               0 	               0 	               0 	               0 	   -0.0048090367 	   -0.0024153627 	   -0.0011078275 	  -0.00047754087 	    -0.000479337 	  -0.00032896853
115000 	       18.963425 	               0 	               0 	               0 	               0 	               0 	               0 	       17.175207 	   4.4076971e-07 	   1.6044868e-07 	   9.0795805e-08 	   5.2009247e-08 	   7.0521013e-08 	   6.6994963e-08 	               0 	   -0.0049858674 	   -0.0024931351 	    -0.001146079 	   -0.0004967447 	  -0.00050215604 	  -0.00034775259
116000 	       25.038927 	               0 	               0 	               0 	               0 	               0 	               0 	       21.967218 	   0.00069418223 	   0.00025501667 	   0.00014238716 	   8.1441515e-05 	   0.00011042917 	   0.00010490771 	               0 	   -0.0053219229 	   -0.0026701588 	   -0.0012254327 	  -0.00052896645 	  -0.00053179723 	  -0.00036556769
117000 	       20.524064 	               0 	               0 	               0 	               0 	               0 	               0 	       22.337848 	   3.9733124e-05 	   1.5069983e-05 	    8.080197e-06 	   4.5506684e-06 	   6.1703978e-06 	   5.8618779e-06 	               0 	   -0.0049110036 	   -0.0024743567 	   -0.0011330873 	  -0.00048652554 	  -0.00048584503 	  -0.00033118905
118000 	       19.877593 	               0 	               0 	               0 	               0 	               0 	               0 	       20.643924 	   1.0281467e-05 	   3.9833061e-06 	   2.0726096e-06 	   1.1595699e-06 	   1.5722982e-06 	   1.4936833e-06 	               0 	   -0.0048003932 	    -0.002421781 	   -0.0011082452 	  -0.00047506918 	  -0.00047341099 	  -0.00032188685
119000 	       19.471001 	               0 	               0 	               0 	               0 	               0 	               0 	       19.330849 	   5.8947076e-06 	   2.3172036e-06 	   1.1795574e-06 	   6.5804116e-07 	   8.9225921e-07 	   8.4764624e-07 	               0 	   -0.0047819178 	   -0.0024083855 	   -0.0011030671 	  -0.00047385139 	  -0.00047350694 	  -0.00032310687
120000 	       22.378422 	               0 	               0 	               0 	               0 	               0 	               0 	       21.341423 	   0.00012293208 	   4.8730067e-05 	   2.4469027e-05 	   1.3647656e-05 	   1.8505296e-05 	   1.7580031e-05 	               0 	   -0.0049552582 	   -0.0025030472 	   -0.0011447339 	  -0.00048995529 	  -0.00048721474 	  -0.00033030701
121000 	        18.54863 	               0 	               0 	               0 	               0 	               0 	               0 	       20.138429 	   8.3885173e-06 	   3.3981701e-06 	   1.6538322e-06 	   9.1560181e-07 	    1.241494e-06 	   1.1794193e-06 	               0 	   -0.0046125371 	   -0.0023338448 	   -0.0010663308 	  -0.00045538325 	  -0.00045164762 	  -0.00030533063
122000 	       17.416686 	               0 	               0 	               0 	               0 	               0 	               0 	       18.374533 	   3.9891585e-05 	   1.6374246e-05 	   7.8108758e-06 	   4.3101457e-06 	   5.8442654e-06 	   5.5520521e-06 	               0 	   -0.0046227437 	   -0.0023329401 	   -0.0010673596 	  -0.00045732701 	  -0.00045551128 	  -0.00030960566
123000 	       15.682412 	               0 	               0 	               0 	               0 	               0 	               0 	       16.703743 	   2.4696873e-06 	   1.0270026e-06 	   4.8057709e-07 	   2.6402024e-07 	   3.5799355e-07 	   3.4009387e-07 	               0 	   -0.0044916751 	   -0.0022706351 	   -0.0010379002 	  -0.00044373243 	  -0.00044077394 	  -0.00029863341
124000 	        18.09434 	               0 	               0 	               0 	               0 	               0 	               0 	       17.576978 	   2.7389465e-06 	   1.1374149e-06 	    5.325671e-07 	   2.9334376e-07 	   3.9775425e-07 	   3.7786654e-07 	               0 	   -0.0048115183 	   -0.0024160795 	     -0.00110828 	  -0.00047786618 	  -0.00047983347 	  -0.00032945902
125000 	       20.080984 	               0 	               0 	               0 	               0 	               0 	               0 	       18.254934 	   1.3984537e-05 	    5.813282e-06 	   2.7145509e-06 	   1.4974212e-06 	   2.0304016e-06 	   1.9288816e-06 	               0 	   -0.0051276906 	   -0.0025565818 	   -0.0011769757 	  -0.00051196606 	  -0.00051994803 	  -0.00036221903
126000 	       21.248972 	               0 	               0 	               0 	               0 	               0 	               0 	       20.908435 	   3.3832214e-05 	   1.4100895e-05 	   6.5502025e-06 	   3.6171436e-06 	   4.9046015e-06 	   4.6593714e-06 	               0 	   -0.0048826949 	    -0.002460282 	   -0.0011265917 	  -0.00048368716 	  -0.00048295436 	  -0.00032917971
127000 	       21.327481 	               0 	               0 	               0 	               0 	               0 	               0 	       21.238936 	   3.9967805e-05 	   1.6947996e-05 	   7.6723432e-06 	   4.2116302e-06 	    5.710685e-06 	   5.4251508e-06 	               0 	   -0.0049302232 	   -0.0024838932 	   -0.0011374929 	  -0.00048845543 	  -0.00048781665 	  -0.00033256503
128000 	       20.348331 	               0 	               0 	               0 	               0 	               0 	               0 	       21.051747 	   2.9779077e-05 	   1.2878701e-05 	   5.6616939e-06 	   3.0841033e-06 	    4.181835e-06 	   3.9727432e-06 	               0 	   -0.0048816484 	   -0.0024565029 	   -0.0011256211 	     -0.00048407 	  -0.00048438114 	  -0.00033107323
129000 	       22.416075 	               0 	               0 	               0 	               0 	               0 	               0 	       21.567506 	   5.0589708e-05 	   2.2207697e-05 	   9.5419314e-06 	   5.1700685e-06 	   7.0102623e-06 	   6.6597492e-06 	               0 	   -0.0050329757 	   -0.0025332279 	   -0.0011606745 	  -0.00049901807 	  -0.00049913315 	  -0.00034092199
130000 	       23.952833 	               0 	               0 	               0 	               0 	               0 	               0 	       22.751456 	   4.7140815e-05 	   2.1109963e-05 	   8.8145619e-06 	   4.7244703e-06 	   6.4060614e-06 	   6.0857584e-06 	               0 	   -0.0051654914 	   -0.0026002876 	   -0.0011913411 	  -0.00051212642 	  -0.00051211126 	  -0.00034962506
131000 	       24.047878 	               0 	               0 	               0 	               0 	               0 	               0 	       23.902725 	    4.895423e-05 	   2.2524722e-05 	   9.0656209e-06 	   4.7654021e-06 	   6.4607613e-06 	   6.1377232e-06 	               0 	   -0.0053666648 	   -0.0026838785 	   -0.0012337411 	  -0.00053468559 	  -0.00054036635 	  -0.00037399329
132000 	       25.509547 	               0 	               0 	               0 	               0 	               0 	               0 	       24.220238 	   7.3941928e-05 	   3.5048372e-05 	   1.3545088e-05 	    6.959613e-06 	   9.4301819e-06 	   8.9586728e-06 	               0 	   -0.0057090551 	   -0.0028299244 	   -0.0013066247 	  -0.00057239925 	  -0.00058664747 	  -0.00041345929
133000 	       28.810264 	               0 	               0 	               0 	               0 	               0 	               0 	       27.692273 	   0.00045524651 	    0.0002225668 	   8.2768692e-05 	   4.1252376e-05 	   5.5722381e-05 	   5.2936262e-05 	               0 	   -0.0061217943 	   -0.0030097344 	   -0.0013952372 	  -0.00061721959 	  -0.00064065037 	  -0.00045895278
134000 	       29.931249 	               0 	               0 	               0 	               0 	               0 	               0 	       28.765375 	   9.2227225e-05 	   4.6991436e-05 	   1.6660756e-05 	    7.908194e-06 	   1.0598379e-05 	    1.006846e-05 	               0 	   -0.0062427634 	   -0.0030625719 	   -0.0014212251 	  -0.00063032253 	  -0.00065641034 	  -0.00047223354
135000 	       34.448492 	               0 	               0 	               0 	               0 	               0 	               0 	       32.118057 	   0.00027656798 	    0.0001473013 	   4.8920849e-05 	   2.2372877e-05 	   2.9737896e-05 	   2.8235057e-05 	               0 	   -0.0068282692 	   -0.0033158745 	   -0.0015463435 	  -0.00069399912 	  -0.00073381207 	  -0.00053824006
136000 	       41.444138 	               0 	               0 	               0 	               0 	               0 	               0 	       37.600561 	   0.00033335392 	    0.0001907618 	   5.6818727e-05 	   2.4249213e-05 	   3.1624027e-05 	   2.9900157e-05 	               0 	    -0.007445124 	   -0.0035903622 	   -0.0016799456 	  -0.00076001425 	  -0.00081179032 	   -0.0006030116
137000 	       48.411646 	               0 	               0 	               0 	               0 	               0 	               0 	       45.668908 	     0.007784105 	    0.0044593085 	    0.0014073983 	   0.00055924408 	   0.00070113914 	   0.00065701503 	               0 	   -0.0086180033 	   -0.0040752635 	   -0.0019245878 	  -0.00089008751 	  -0.00097723664 	  -0.00075082791
138000 	       42.020123 	               0 	               0 	               0 	               0 	               0 	               0 	       42.126807 	   0.00042522658 	   0.00026183859 	   7.7234401e-05 	   2.6376915e-05 	   3.1068917e-05 	   2.8707758e-05 	               0 	   -0.0079164832 	   -0.0037736647 	    -0.001775413 	  -0.00081378737 	  -0.00088366734 	  -0.00066995079
139000 	       40.648012 	               0 	               0 	               0 	               0 	               0 	               0 	       42.305118 	   0.00024217062 	   0.00015556154 	   4.3509755e-05 	   1.3475881e-05 	   1.5468373e-05 	   1.4155072e-05 	               0 	    -0.007746866 	   -0.0037004821 	   -0.0017392715 	  -0.00079536482 	  -0.00086116333 	   -0.0006505843
140000 	       48.639492 	               0 	               0 	               0 	               0 	               0 	               0 	       42.747648 	   0.00057653543 	   0.00038376904 	    0.0001005262 	   2.9159499e-05 	   3.3036268e-05 	   3.0044412e-05 	               0 	   -0.0083596068 	    -0.003973986 	   -0.0018721165 	  -0.00086076372 	  -0.00093821333 	  -0.00071452722
141000 	       64.257934 	               0 	               0 	               0 	               0 	               0 	               0 	       59.897239 	   0.00078943327 	   0.00050340528 	   0.00015002275 	   4.3483027e-05 	   4.8313345e-05 	   4.4208865e-05 	               0 	   -0.0099903871 	   -0.0046578144 	   -0.0022144035 	    -0.001040166 	   -0.0011637322 	  -0.00091427105
142000 	       62.790298 	               0 	               0 	               0 	               0 	               0 	               0 	       61.628574 	   0.00090005461 	   0.00057675797 	    0.0001819112 	    4.909483e-05 	   4.8493866e-05 	   4.3796746e-05 	               0 	    -0.010148634 	   -0.0047115233 	   -0.0022443562 	   -0.0010590841 	   -0.0011914792 	  -0.00094219106
143000 	        72.08369 	               0 	               0 	               0 	               0 	               0 	               0 	       68.047055 	   0.00079983192 	   0.00051248836 	   0.00017206501 	   4.3520775e-05 	   3.8035999e-05 	   3.3721773e-05 	               0 	    -0.010764801 	   -0.0049738308 	   -0.0023746143 	   -0.0011263254 	   -0.0012748513 	   -0.0010151793
144000 	       76.298984 	               0 	               0 	               0 	               0 	               0 	               0 	       73.508941 	   0.00080302251 	   0.00051173355 	   0.00018376968 	   4.5724079e-05 	   3.3824737e-05 	    2.797047e-05 	               0 	   -0.0087415396 	   -0.0041312047 	   -0.0019515686 	  -0.00090316986 	   -0.0009923989 	  -0.00076319758
145000 	       77.796981 	               0 	               0 	               0 	               0 	               0 	               0 	       76.528316 	    0.0010156178 	   0.00064927586 	   0.00024196733 	   5.9022668e-05 	   3.7167629e-05 	   2.8184269e-05 	               0 	   -0.0091814557 	   -0.0042742411 	    -0.002033313 	   -0.0009565925 	   -0.0010724565 	  -0.00084485272
146000 	       79.530317 	               0 	               0 	               0 	               0 	               0 	               0 	       80.984991 	     0.005631891 	    0.0036122714 	    0.0013773712 	   0.00032955181 	   0.00018368659 	   0.00012900996 	               0 	   -0.0094098515 	   -0.0043934948 	   -0.0020872541 	  -0.00097886967 	    -0.001093147 	  -0.00085708589
147000 	       78.497683 	               0 	               0 	               0 	               0 	               0 	               0 	       77.657914 	    0.0012486245 	   0.00081253021 	   0.00030743174 	   7.1220332e-05 	    3.479072e-05 	   2.2651477e-05 	               0 	    -0.010299502 	   -0.0046521365 	   -0.0022439783 	   -0.0010899602 	   -0.0012691372 	   -0.0010442901
148000 	       77.391519 	               0 	               0 	               0 	               0 	               0 	               0 	       77.714092 	    0.0017072578 	    0.0011306074 	   0.00041745105 	   9.2559562e-05 	   4.0943418e-05 	   2.5696361e-05 	               0 	    -0.011073389 	    -0.004945973 	   -0.0023980129 	   -0.0011783339 	   -0.0013903031 	   -0.0011607657
149000 	        80.28391 	               0 	               0 	               0 	               0 	               0 	               0 	       78.918582 	   0.00078001736 	   0.00052541857 	   0.00018822608 	   3.9687281e-05 	   1.6447238e-05 	   1.0238201e-05 	               0 	    -0.010873772 	   -0.0048867057 	    -0.002362684 	   -0.0011536886 	   -0.0013514095 	   -0.0011192841
150000 	        81.12878 	               0 	               0 	               0 	               0 	               0 	               0 	       81.016267 	    0.0016175324 	    0.0011047863 	   0.00038506403 	   7.8132499e-05 	   3.0665424e-05 	   1.8884146e-05 	               0 	     -0.01087063 	   -0.0048710552 	   -0.0023582147 	   -0.0011549554 	   -0.0013576029 	    -0.001128802
151000 	       79.943033 	               0 	               0 	               0 	               0 	               0 	               0 	       80.749553 	    0.0063350304 	    0.0043963352 	    0.0014812391 	   0.00028759022 	   0.00010562405 	   6.4241737e-05 	               0 	   -0.0096439068 	   -0.0044238676 	   -0.0021188142 	   -0.0010126298 	   -0.0011569182 	    -0.000931677
152000 	       76.127584 	               0 	               0 	               0 	               0 	               0 	               0 	       76.740579 	     0.002023613 	    0.0014296487 	   0.00046244855 	   8.4680422e-05 	    2.907906e-05 	   1.7756248e-05 	               0 	   -0.0095626172 	   -0.0043654742 	   -0.0020954084 	   -0.0010065228 	   -0.0011569334 	  -0.00093827843
153000 	       75.395461 	               0 	               0 	               0 	               0 	               0 	               0 	       75.989678 	   0.00067885964 	   0.00048590208 	     0.000152603 	   2.6276017e-05 	   8.6874892e-06 	   5.3910458e-06 	               0 	   -0.0096489863 	   -0.0043929985 	   -0.0021112283 	   -0.0010170039 	   -0.0011728966 	  -0.00095485883
154000 	         74.6725 	               0 	               0 	               0 	               0 	               0 	               0 	       74.611302 	   0.00049409309 	   0.00035739141 	   0.00010843709 	   1.7849408e-05 	   6.2824775e-06 	   4.1327071e-06 	               0 	   -0.0091410018 	   -0.0042272813 	   -0.0020170824 	  -0.00095571892 	   -0.0010807673 	    -0.000860152
155000 	       69.777234 	               0 	               0 	               0 	               0 	               0 	               0 	       72.331677 	   0.00095436614 	   0.00070498365 	   0.00020109635 	   3.0766494e-05 	    1.053775e-05 	   6.9818959e-06 	               0 	   -0.0094247597 	   -0.0042806504 	   -0.0020593967 	  -0.00099448704 	   -0.0011503774 	  -0.00093984823
156000 	       69.272648 	               0 	               0 	               0 	               0 	               0 	               0 	       69.740483 	   0.00062828334 	   0.00047466173 	   0.00012788833 	   1.7566506e-05 	   5.0524385e-06 	   3.1143329e-06 	               0 	     -0.00941283 	    -0.004271931 	    -0.002055914 	  -0.00099360076 	   -0.0011504477 	   -0.0009409365
157000 	       65.792815 	               0 	               0 	               0 	               0 	               0 	               0 	       66.815874 	    0.0034839373 	    0.0026508312 	   0.00070783547 	   8.8408045e-05 	   2.3109141e-05 	    1.375347e-05 	               0 	   -0.0093967385 	   -0.0042833886 	   -0.0020573432 	  -0.00098975455 	   -0.0011397997 	   -0.0009264525
158000 	       67.746616 	               0 	               0 	               0 	               0 	               0 	               0 	        67.90412 	    0.0067552607 	    0.0051457501 	    0.0013783004 	    0.0001609038 	   4.3340209e-05 	   2.6966192e-05 	               0 	   -0.0099813432 	   -0.0045057173 	   -0.0021738495 	   -0.0010565163 	   -0.0012311705 	   -0.0010140896
159000 	       63.645811 	               0 	               0 	               0 	               0 	               0 	               0 	       65.238685 	    0.0006979696 	   0.00052104795 	   0.00014751088 	   1.8529619e-05 	   6.4932389e-06 	   4.3879174e-06 	               0 	   -0.0091244563 	   -0.0042000491 	   -0.0020083375 	  -0.00095628747 	   -0.0010878812 	  -0.00087190105
160000 	       66.259594 	               0 	               0 	               0 	               0 	               0 	               0 	       67.646922 	   0.00037496605 	   0.00028541954 	   7.5113771e-05 	   8.7710952e-06 	   3.3006258e-06 	   2.3610178e-06 	               0 	   -0.0083816857 	   -0.0039656203 	   -0.0018723098 	  -0.00086538738 	  -0.00094945399 	  -0.00072891417
161000 	       65.714313 	               0 	               0 	               0 	               0 	               0 	               0 	        66.54963 	    0.0013997979 	    0.0010638514 	    0.0002853542 	   3.0845589e-05 	   1.1482699e-05 	   8.2639505e-06 	               0 	    -0.010013662 	   -0.0045073386 	   -0.0021774544 	   -0.0010614075 	   -0.0012411555 	   -0.0010263058
162000 	       63.379054 	               0 	               0 	               0 	               0 	               0 	               0 	       64.333456 	   0.00039811737 	   0.00030260658 	    8.278515e-05 	   7.9968948e-06 	   2.7609457e-06 	   1.9678059e-06 	               0 	   -0.0097165205 	   -0.0043843224 	   -0.0021156009 	    -0.001028622 	   -0.0011993468 	  -0.00098862834
163000 	       63.062104 	               0 	               0 	               0 	               0 	               0 	               0 	        64.17716 	   0.00071770488 	   0.00054443239 	   0.00015028662 	   1.3957947e-05 	   5.2140818e-06 	   3.8138366e-06 	               0 	   -0.0096674275 	   -0.0043690544 	   -0.0021067235 	   -0.0010226346 	   -0.0011901008 	  -0.00097891426
164000 	       60.523808 	               0 	               0 	               0 	               0 	               0 	               0 	       61.266742 	   0.00023719265 	   0.00018027252 	   5.0008544e-05 	   4.2421862e-06 	   1.5427829e-06 	   1.1266137e-06 	               0 	   -0.0092634005 	   -0.0042062536 	   -0.0020237961 	  -0.00097754349 	   -0.0011311862 	  -0.00092462102
165000 	       62.529161 	               0 	               0 	               0 	               0 	               0 	               0 	       61.627449 	   0.00034690978 	   0.00026159411 	   7.5670537e-05 	   5.9081577e-06 	   2.1519144e-06 	   1.5850564e-06 	               0 	   -0.0096616628 	   -0.0043753932 	   -0.0021078353 	   -0.0010210105 	   -0.0011852539 	  -0.00097216981
166000 	        66.60985 	               0 	               0 	               0 	               0 	               0 	               0 	       65.375544 	   0.00029720198 	   0.00021740038 	   7.3365134e-05 	   4.2953606e-06 	   1.2332712e-06 	   9.0783195e-07 	               0 	   -0.0084528022 	   -0.0039995263 	   -0.0018882723 	  -0.00087270784 	  -0.00095739202 	  -0.00073490381
167000 	       68.163269 	               0 	               0 	               0 	               0 	               0 	               0 	       67.951421 	    0.0011914276 	   0.00087779202 	    0.0002868283 	   1.6763179e-05 	   5.6538035e-06 	   4.3902591e-06 	               0 	    -0.008459224 	   -0.0040059389 	   -0.0018905602 	  -0.00087295346 	  -0.00095655247 	  -0.00073321899
168000 	       68.412096 	               0 	               0 	               0 	               0 	               0 	               0 	       68.267144 	   0.00025456714 	   0.00018666343 	    6.213901e-05 	   3.5528584e-06 	   1.2374638e-06 	   9.7438204e-07 	               0 	   -0.0086893307 	   -0.0040944511 	   -0.0019368439 	  -0.00089925774 	  -0.00099207903 	  -0.00076669897
169000 	       66.160198 	               0 	               0 	               0 	               0 	               0 	               0 	       66.422619 	   0.00024572231 	   0.00017986681 	   6.0514208e-05 	   3.2991106e-06 	   1.1388926e-06 	    9.032866e-07 	               0 	   -0.0083449827 	   -0.0039545004 	   -0.0018656831 	  -0.00086081859 	  -0.00094239459 	  -0.00072158605
170000 	        71.51782 	               0 	               0 	               0 	               0 	               0 	               0 	        69.55558 	   0.00025307212 	   0.00018327376 	   6.3883101e-05 	   3.5303188e-06 	   1.3214007e-06 	   1.0635426e-06 	               0 	   -0.0088955101 	   -0.0041839546 	   -0.0019808914 	  -0.00092156393 	   -0.0010191765 	  -0.00078992364
171000 	       70.607553 	               0 	               0 	               0 	               0 	               0 	               0 	       70.678428 	   0.00056597761 	   0.00040918767 	   0.00014360845 	   7.7441985e-06 	   2.9955223e-06 	   2.4417704e-06 	               0 	    -0.008861831 	   -0.0041685452 	   -0.0019734958 	  -0.00091801707 	   -0.0010151165 	  -0.00078665646
172000 	       75.465679 	               0 	               0 	               0 	               0 	               0 	               0 	       74.003162 	    0.0050176502 	    0.0036078846 	    0.0012882762 	   6.9617288e-05 	   2.8433432e-05 	   2.3438628e-05 	               0 	   -0.0092285429 	   -0.0043246581 	   -0.0020510493 	  -0.00095806216 	     -0.00106474 	  -0.00083003323
173000 	       78.018592 	               0 	               0 	               0 	               0 	               0 	               0 	       76.867585 	   0.00066204412 	   0.00047642179 	   0.00016857534 	   9.4621252e-06 	   4.1257203e-06 	   3.4591467e-06 	               0 	   -0.0095143118 	   -0.0044418642 	   -0.0021103401 	  -0.00098980143 	    -0.001105473 	  -0.00086683305
174000 	       80.571493 	               0 	               0 	               0 	               0 	               0 	               0 	       79.483847 	   0.00033197839 	   0.00023933265 	   8.3974872e-05 	   4.7650758e-06 	   2.1170887e-06 	   1.7887015e-06 	               0 	   -0.0097552922 	   -0.0045396405 	   -0.0021600576 	   -0.0010166863 	   -0.0011403121 	  -0.00089859563
175000 	       83.018024 	               0 	               0 	               0 	               0 	               0 	               0 	       82.024331 	     0.011217523 	    0.0081177246 	    0.0028057803 	   0.00016048449 	   7.2178451e-05 	   6.1355423e-05 	               0 	    -0.009983479 	   -0.0046344906 	   -0.0022077108 	    -0.001041866 	   -0.0011722504 	  -0.00092716121
176000 	       81.385935 	               0 	               0 	               0 	               0 	               0 	               0 	       82.150692 	   0.00037963029 	   0.00027532124 	   9.4514013e-05 	   5.3038632e-06 	   2.4191245e-06 	   2.0720521e-06 	               0 	   -0.0096976003 	   -0.0045194531 	   -0.0021489819 	   -0.0010098624 	   -0.0011304778 	  -0.00088882504
177000 	       79.911073 	               0 	               0 	               0 	               0 	               0 	               0 	       80.166988 	   0.00029763568 	   0.00021628433 	    7.389013e-05 	   3.9880408e-06 	   1.8629421e-06 	   1.6102359e-06 	               0 	   -0.0095538915 	   -0.0044603218 	   -0.0021191207 	  -0.00099392764 	   -0.0011100827 	  -0.00087043866
178000 	       78.677338 	               0 	               0 	               0 	               0 	               0 	               0 	       79.499375 	   0.00035510009 	   0.00025859056 	   8.7778847e-05 	   4.6324769e-06 	   2.1900785e-06 	   1.9081272e-06 	               0 	   -0.0093992763 	   -0.0043967178 	   -0.0020869942 	  -0.00097677923 	   -0.0010881324 	  -0.00085065275
179000 	       78.929518 	               0 	               0 	               0 	               0 	               0 	               0 	       79.559232 	   0.00041468986 	   0.00030207261 	   0.00010260491 	   5.2723163e-06 	   2.5261257e-06 	   2.2139023e-06 	               0 	   -0.0093979439 	   -0.0043973616 	   -0.0020870219 	  -0.00097648668 	   -0.0010873902 	  -0.00084968358
180000 	       79.346356 	               0 	               0 	               0 	               0 	               0 	               0 	       78.441973 	    0.0015593818 	    0.0011529197 	   0.00036898221 	   1.8672786e-05 	   9.9387404e-06 	   8.8683082e-06 	               0 	    -0.009540946 	   -0.0044549014 	   -0.0021164067 	  -0.00099250344 	   -0.0011082889 	   -0.0008688455
181000 	       79.899665 	               0 	               0 	               0 	               0 	               0 	               0 	       80.408725 	    0.0010133548 	   0.00075055119 	   0.00023833476 	   1.2292205e-05 	   6.4310071e-06 	   5.7456034e-06 	               0 	   -0.0095243404 	   -0.0044489977 	   -0.0021131937 	  -0.00099054952 	   -0.0011055013 	  -0.00086609814
182000 	       78.986287 	               0 	               0 	               0 	               0 	               0 	               0 	        78.53607 	   0.00037869926 	   0.00028314094 	   8.6689593e-05 	   4.3904044e-06 	   2.3566964e-06 	   2.1216185e-06 	               0 	   -0.0095161015 	   -0.0044455354 	   -0.0021114631 	  -0.00098964462 	   -0.0011043656 	  -0.00086509279
183000 	       83.775997 	               0 	               0 	               0 	               0 	               0 	               0 	       81.959548 	     0.001531989 	    0.0011428656 	   0.00035286434 	   1.8398456e-05 	   9.4154582e-06 	   8.4451278e-06 	               0 	   -0.0099229671 	   -0.0046112671 	   -0.0021955704 	   -0.0010349575 	   -0.0011628862 	  -0.00091828587
184000 	       87.469898 	               0 	               0 	               0 	               0 	               0 	               0 	       85.891976 	    0.0093692182 	    0.0069874963 	    0.0021596222 	   0.00011613736 	   5.5974284e-05 	   4.9988063e-05 	               0 	     -0.01006968 	   -0.0046753126 	    -0.002226996 	   -0.0010507791 	   -0.0011820014 	  -0.00093459136
185000 	       91.170193 	               0 	               0 	               0 	               0 	               0 	               0 	       89.583865 	   0.00091020871 	   0.00067737928 	   0.00021122855 	   1.1648651e-05 	   5.2699777e-06 	   4.6822487e-06 	               0 	    -0.010373274 	   -0.0048016333 	   -0.0022904242 	     -0.00108426 	   -0.0012244345 	  -0.00097252182
186000 	       96.663699 	               0 	               0 	               0 	               0 	               0 	               0 	       93.953702 	    0.0036251425 	    0.0026992502 	   0.00084186056 	   4.6143185e-05 	   2.0111402e-05 	   1.7777136e-05 	               0 	    -0.010884222 	   -0.0050095806 	   -0.0023959556 	    -0.001141147 	   -0.0012980025 	   -0.0010395362
187000 	       103.60332 	               0 	               0 	               0 	               0 	               0 	               0 	        101.7149 	    0.0014360906 	    0.0010627233 	   0.00033959771 	   1.9250355e-05 	   7.8376773e-06 	   6.6815367e-06 	               0 	    -0.010932581 	   -0.0050383989 	   -0.0024083082 	   -0.0011454477 	   -0.0013007308 	   -0.0010396949
188000 	       100.66816 	               0 	               0 	               0 	               0 	               0 	               0 	       101.58409 	    0.0011364283 	   0.00084344665 	   0.00026693137 	   1.5322876e-05 	   5.7874123e-06 	   4.9399702e-06 	               0 	    -0.010940121 	   -0.0050361302 	   -0.0024084839 	   -0.0011469197 	     -0.00130429 	   -0.0010442968
189000 	       97.261811 	               0 	               0 	               0 	               0 	               0 	               0 	       98.653185 	     0.008108261 	    0.0060458864 	    0.0018866743 	    0.0001055054 	    3.750651e-05 	   3.2688397e-05 	               0 	    -0.010693858 	   -0.0049367962 	   -0.0023578534 	    -0.001119398 	   -0.0012684199 	   -0.0010113909
190000 	       107.17406 	               0 	               0 	               0 	               0 	               0 	               0 	       102.02632 	     0.001907706 	    0.0014177538 	   0.00044917245 	   2.5142303e-05 	   8.4261144e-06 	   7.2112957e-06 	               0 	    -0.010990645 	   -0.0050696922 	   -0.0024222817 	   -0.0011510022 	     -0.00130554 	   -0.0010421292
191000 	       120.16396 	               0 	               0 	               0 	               0 	               0 	               0 	       115.47744 	    0.0014686414 	    0.0010774967 	   0.00035448072 	   2.4914803e-05 	   6.9454294e-06 	   4.8037305e-06 	               0 	    -0.011358145 	   -0.0052470493 	   -0.0025053635 	   -0.0011886112 	   -0.0013455725 	   -0.0010715489
192000 	       130.44649 	               0 	               0 	               0 	               0 	               0 	               0 	       126.07038 	     0.022096095 	     0.015828096 	    0.0053075547 	   0.00074023167 	   0.00015378249 	   6.6429925e-05 	               0 	    -0.011208953 	   -0.0051674272 	   -0.0024696683 	   -0.0011742516 	   -0.0013328535 	   -0.0010647526
193000 	       139.29105 	               0 	               0 	               0 	               0 	               0 	               0 	       135.68859 	    0.0069917919 	    0.0047485899 	    0.0016818941 	   0.00042019307 	   0.00011763744 	   2.3477317e-05 	               0 	    -0.011864035 	   -0.0054412234 	   -0.0026068187 	    -0.001246324 	   -0.0014238412 	   -0.0011458282
194000 	       148.10327 	               0 	               0 	               0 	               0 	               0 	               0 	       144.71664 	    0.0021420178 	    0.0013384012 	   0.00051779713 	   0.00019350386 	   7.9748629e-05 	   1.2567005e-05 	               0 	    -0.012258336 	   -0.0056047975 	   -0.0026890434 	   -0.0012898418 	   -0.0014791744 	   -0.0011954789
195000 	       160.54045 	               0 	               0 	               0 	               0 	               0 	               0 	       155.57375 	    0.0018476257 	    0.0010383771 	   0.00045859896 	    0.0002118693 	    0.0001137732 	   2.5007103e-05 	               0 	    -0.012952156 	    -0.005887046 	   -0.0028322554 	   -0.0013670537 	   -0.0015791217 	   -0.0012866793
196000 	       168.74645 	               0 	               0 	               0 	               0 	               0 	               0 	         167.116 	    0.0073090906 	    0.0035888494 	    0.0018688395 	   0.00097986672 	   0.00065896872 	   0.00021256627 	               0 	    -0.013262484 	     -0.00601213 	   -0.0028959983 	   -0.0014017154 	   -0.0016243607 	   -0.0013282798
197000 	       174.26499 	               0 	               0 	               0 	               0 	               0 	               0 	       172.11438 	     0.029496367 	     0.013376354 	     0.007575567 	    0.0040580489 	     0.003197551 	    0.0012888459 	               0 	    -0.013455606 	   -0.0060875322 	   -0.0029350243 	   -0.0014235656 	   -0.0016536425 	   -0.0013558414
198000 	       176.60924 	               0 	               0 	               0 	               0 	               0 	               0 	       175.72021 	    0.0080317852 	    0.0035901845 	    0.0020343412 	    0.0010544257 	   0.00092136941 	   0.00043146439 	               0 	    -0.013531937 	   -0.0061211333 	   -0.0029514439 	   -0.0014317616 	   -0.0016634574 	   -0.0013641406
199000 	       174.88529 	               0 	               0 	               0 	               0 	               0 	               0 	       174.70954 	     0.049370467 	     0.022622094 	     0.012431019 	    0.0060805971 	    0.0054704813 	    0.0027662761 	               0 	    -0.013542993 	   -0.0061310606 	   -0.0029551479 	   -0.0014323627 	   -0.0016625363 	   -0.0013618854
200000 	       179.48929 	               0 	               0 	               0 	               0 	               0 	               0 	       179.44306 	     0.005324521 	    0.0024778205 	     0.001346693 	   0.00063303747 	   0.00056592601 	   0.00030104413 	               0 	    -0.013637993 	   -0.0061657033 	   -0.0029737031 	   -0.0014433941 	   -0.0016780742 	   -0.0013771182
201000 	       176.40372 	               0 	               0 	               0 	               0 	               0 	               0 	       176.33262 	    0.0036634884 	    0.0017330497 	   0.00093180808 	   0.00042609108 	   0.00037171345 	   0.00020082614 	               0 	    -0.013718326 	   -0.0062099192 	   -0.0029933029 	   -0.0014509946 	   -0.0016843051 	    -0.001379804
202000 	       170.92998 	               0 	               0 	               0 	               0 	               0 	               0 	       172.35197 	     0.002145833 	    0.0010352671 	   0.00055208699 	   0.00024509909 	      0.00020516 	   0.00010821974 	               0 	    -0.013368514 	    -0.006064685 	   -0.0029203445 	   -0.0014124172 	   -0.0016352718 	   -0.0013357957
203000 	       152.64639 	               0 	               0 	               0 	               0 	               0 	               0 	       162.56801 	     0.003376674 	       0.0016812 	    0.0008775332 	   0.00037448566 	   0.00029816927 	   0.00014528579 	               0 	    -0.012823322 	   -0.0058420313 	   -0.0028075934 	   -0.0013518543 	    -0.001557138 	   -0.0012647052
204000 	       166.42369 	               0 	               0 	               0 	               0 	               0 	               0 	       156.64335 	    0.0013095423 	   0.00068585171 	   0.00034758818 	   0.00013798932 	   9.9335544e-05 	   3.8777562e-05 	               0 	    -0.013280205 	   -0.0060308635 	   -0.0029026684 	   -0.0014023469 	   -0.0016215769 	   -0.0013227488
205000 	       160.91247 	               0 	               0 	               0 	               0 	               0 	               0 	       158.17467 	     0.001234519 	   0.00066092632 	   0.00033074318 	   0.00012697688 	   8.7215912e-05 	    2.865672e-05 	               0 	    -0.012945493 	    -0.005891265 	   -0.0028326887 	    -0.001365504 	   -0.0015749529 	   -0.0012810826
206000 	       164.01339 	               0 	               0 	               0 	               0 	               0 	               0 	       162.55258 	    0.0075788403 	    0.0041056151 	    0.0020439625 	   0.00076684986 	   0.00051303405 	   0.00014937871 	               0 	    -0.013189467 	   -0.0059936115 	   -0.0028838523 	   -0.0013922903 	   -0.0016086634 	   -0.0013110493
207000 	       172.26333 	               0 	               0 	               0 	               0 	               0 	               0 	       169.13343 	    0.0018414532 	   0.00098780041 	   0.00050345585 	   0.00018913744 	   0.00012640152 	   3.4657984e-05 	               0 	    -0.013438739 	   -0.0060956888 	   -0.0029354744 	    -0.001419947 	   -0.0016442596 	   -0.0013433691
208000 	       175.43404 	               0 	               0 	               0 	               0 	               0 	               0 	        175.1512 	     0.001436966 	   0.00076398545 	   0.00039304022 	   0.00014953651 	   0.00010148722 	   2.8916559e-05 	               0 	    -0.013668978 	    -0.006193616 	   -0.0029841059 	    -0.001445067 	   -0.0016754505 	   -0.0013707388
209000 	       168.94653 	               0 	               0 	               0 	               0 	               0 	               0 	       171.14334 	    0.0037300624 	    0.0019800015 	    0.0010190235 	   0.00038937571 	   0.00026587338 	   7.5788236e-05 	               0 	    -0.013382332 	   -0.0060751285 	   -0.0029244565 	   -0.0014133934 	   -0.0016350291 	   -0.0013343241
210000 	       179.03985 	               0 	               0 	               0 	               0 	               0 	               0 	       172.31066 	    0.0022067663 	    0.0011669832 	   0.00061135728 	     0.000232641 	   0.00015266032 	   4.3124532e-05 	               0 	    -0.013869624 	   -0.0062762483 	   -0.0030257775 	   -0.0014672719 	   -0.0017038861 	   -0.0013964407
211000 	       178.84519 	               0 	               0 	               0 	               0 	               0 	               0 	       178.74796 	    0.0015923517 	   0.00084257398 	   0.00044046691 	   0.00016737179 	   0.00010966908 	   3.2269929e-05 	               0 	    -0.013697444 	   -0.0062028154 	   -0.0029893576 	   -0.0014485102 	   -0.0016806531 	   -0.0013761076
212000 	        184.8593 	               0 	               0 	               0 	               0 	               0 	               0 	       182.57793 	    0.0052476962 	    0.0027691925 	    0.0014515243 	   0.00055554853 	   0.00036270699 	   0.00010872393 	               0 	    -0.013951926 	   -0.0063076259 	   -0.0030422107 	   -0.0014766711 	   -0.0017167148 	   -0.0014087031
213000 	         185.345 	               0 	               0 	               0 	               0 	               0 	               0 	       186.76259 	    0.0023664764 	    0.0012383149 	   0.00065337691 	   0.00025590005 	    0.0001671735 	   5.1711058e-05 	               0 	    -0.014157306 	   -0.0063973821 	   -0.0030862192 	   -0.0014987993 	   -0.0017434257 	   -0.0014314798
214000 	       178.77429 	               0 	               0 	               0 	               0 	               0 	               0 	       180.30296 	    0.0018256427 	   0.00097015312 	   0.00049933195 	   0.00019358235 	   0.00012357552 	   3.8999766e-05 	               0 	    -0.013768259 	   -0.0062346672 	   -0.0030047684 	   -0.0014560351 	   -0.0016894444 	   -0.0013833436
215000 	       174.27185 	               0 	               0 	               0 	               0 	               0 	               0 	       176.02016 	    0.0035667672 	    0.0019746834 	    0.0009542218 	   0.00035366771 	   0.00021228678 	   7.1907482e-05 	               0 	    -0.013486013 	    -0.006114993 	   -0.0029452499 	   -0.0014251982 	   -0.0016510357 	   -0.0013495365
216000 	       168.16843 	               0 	               0 	               0 	               0 	               0 	               0 	        170.7763 	     0.010753589 	    0.0060206154 	    0.0028504505 	     0.001035274 	   0.00061380955 	   0.00023343928 	               0 	    -0.013245965 	   -0.0060168187 	   -0.0028955714 	   -0.0013985507 	   -0.0016166984 	   -0.0013183257
217000 	       160.69213 	               0 	               0 	               0 	               0 	               0 	               0 	       163.13084 	    0.0022852177 	    0.0012785181 	   0.00060642038 	   0.00021539217 	   0.00012866532 	   5.6221742e-05 	               0 	    -0.013036601 	   -0.0059316166 	   -0.0028523512 	   -0.0013752581 	   -0.0015865541 	   -0.0012908208
218000 	       157.26749 	               0 	               0 	               0 	               0 	               0 	               0 	       158.58564 	    0.0028655923 	    0.0015940438 	   0.00077751164 	   0.00026823191 	   0.00015439442 	   7.1410536e-05 	               0 	     -0.01297915 	   -0.0059066238 	   -0.0028400703 	   -0.0013690544 	    -0.001579029 	    -0.001284372
219000 	       154.67725 	               0 	               0 	               0 	               0 	               0 	               0 	       155.71204 	    0.0060800209 	    0.0033485903 	    0.0016330456 	   0.00055687094 	   0.00034695147 	   0.00019456255 	               0 	    -0.012873207 	   -0.0058620247 	   -0.0028178118 	   -0.0013574406 	   -0.0015644629 	   -0.0012714667
220000 	       152.15371 	               0 	               0 	               0 	               0 	               0 	               0 	       153.31146 	    0.0043444984 	    0.0025224839 	    0.0011089762 	   0.00035187566 	   0.00023151932 	   0.00012964328 	               0 	    -0.012584254 	   -0.0057440978 	   -0.0027580689 	    -0.001325328 	    -0.001523014 	   -0.0012337452
221000 	       147.47705 	               0 	               0 	               0 	               0 	               0 	               0 	       149.77797 	    0.0024319498 	    0.0014204618 	   0.00062384169 	   0.00019495413 	   0.00012445417 	   6.8237923e-05 	               0 	    -0.012511615 	   -0.0057170626 	   -0.0027437283 	   -0.0013169481 	   -0.0015113851 	   -0.0012224909
222000 	       143.14706 	               0 	               0 	               0 	               0 	               0 	               0 	       144.89329 	    0.0017300453 	    0.0010326307 	   0.00044880518 	   0.00013125468 	   7.7530435e-05 	   3.9824274e-05 	               0 	    -0.012230984 	   -0.0056023487 	    -0.002685651 	   -0.0012857756 	   -0.0014712137 	   -0.0011859951
223000 	       139.32022 	               0 	               0 	               0 	               0 	               0 	               0 	       142.70012 	      0.00194684 	    0.0011562108 	   0.00052781726 	   0.00014590805 	   8.0461163e-05 	   3.6442742e-05 	               0 	    -0.012122791 	   -0.0055583008 	    -0.002663305 	   -0.0012737352 	   -0.0014556433 	   -0.0011718064
224000 	       134.27309 	               0 	               0 	               0 	               0 	               0 	               0 	        135.8694 	   0.00079875658 	   0.00046674703 	     0.000218347 	    6.307136e-05 	   3.5390541e-05 	   1.5200654e-05 	               0 	    -0.011919224 	   -0.0054730663 	   -0.0026206477 	   -0.0012513582 	   -0.0014274398 	   -0.0011467121
225000 	       131.27698 	               0 	               0 	               0 	               0 	               0 	               0 	       132.24061 	   0.00087026859 	   0.00052113765 	   0.00022800497 	   6.7049552e-05 	   3.6660364e-05 	    1.741606e-05 	               0 	    -0.011572029 	   -0.0053345483 	   -0.0025496602 	   -0.0012123741 	   -0.0013761592 	   -0.0010992867
226000 	       127.96929 	               0 	               0 	               0 	               0 	               0 	               0 	       129.43554 	   0.00059789986 	   0.00035985125 	   0.00015611263 	   4.6796241e-05 	   2.4476618e-05 	   1.0663108e-05 	               0 	    -0.011349214 	   -0.0052410112 	    -0.002502899 	   -0.0011879035 	   -0.0013454005 	   -0.0010719995
227000 	       126.76371 	               0 	               0 	               0 	               0 	               0 	               0 	       126.75556 	    0.0033793923 	    0.0020479756 	   0.00087014163 	   0.00026657678 	   0.00013445782 	   6.0240431e-05 	               0 	    -0.011460767 	   -0.0052821556 	   -0.0025248427 	   -0.0012008323 	   -0.0013634354 	   -0.0010895011
228000 	       126.61926 	               0 	               0 	               0 	               0 	               0 	               0 	       127.58562 	    0.0021470836 	    0.0013066006 	   0.00054659831 	   0.00016982803 	   8.4814032e-05 	   3.9242665e-05 	               0 	     -0.01132613 	   -0.0052297795 	    -0.002497657 	   -0.0011855522 	   -0.0013429283 	    -0.001070213
229000 	       125.69255 	               0 	               0 	               0 	               0 	               0 	               0 	       125.14588 	   0.00050674914 	   0.00031134427 	   0.00012731307 	   3.9493051e-05 	   1.9501712e-05 	   9.0970357e-06 	               0 	     -0.01116719 	   -0.0051650898 	   -0.0024648233 	   -0.0011678524 	   -0.0013200445 	   -0.0010493798
230000 	       130.16853 	               0 	               0 	               0 	               0 	               0 	               0 	       128.91617 	   0.00052203508 	   0.00032167744 	   0.00013003575 	   4.0878194e-05 	   1.9997046e-05 	   9.4466452e-06 	               0 	    -0.011471545 	   -0.0052889651 	   -0.0025276948 	    -0.001201744 	   -0.0013638643 	   -0.0010892773
231000 	       133.24425 	               0 	               0 	               0 	               0 	               0 	               0 	       132.20113 	   0.00050659848 	   0.00030519827 	   0.00012762225 	   4.2294674e-05 	   2.1219529e-05 	   1.0263744e-05 	               0 	    -0.011722506 	    -0.005391577 	   -0.0025796511 	   -0.0012296285 	   -0.0013997782 	   -0.0011218714
232000 	       134.49465 	               0 	               0 	               0 	               0 	               0 	               0 	       134.40168 	    0.0014204974 	   0.00085312566 	   0.00035420557 	   0.00011990663 	   6.1706384e-05 	   3.1553132e-05 	               0 	    -0.011947625 	   -0.0054815399 	   -0.0026257134 	   -0.0012548844 	   -0.0014329586 	   -0.0011525291
233000 	       133.33255 	               0 	               0 	               0 	               0 	               0 	               0 	       133.74253 	     0.015567231 	    0.0094566397 	    0.0038070109 	     0.001280345 	   0.00067389277 	   0.00034934257 	               0 	    -0.011671577 	    -0.005371669 	   -0.0025693445 	   -0.0012238614 	   -0.0013920657 	   -0.0011146367
234000 	       135.45586 	               0 	               0 	               0 	               0 	               0 	               0 	         134.723 	   0.00062023143 	   0.00037218306 	   0.00015226855 	   5.2434713e-05 	   2.8376363e-05 	   1.4968745e-05 	               0 	    -0.011730467 	   -0.0053965308 	   -0.0025817386 	   -0.0012303115 	   -0.0014001301 	    -0.001121756
235000 	       137.33261 	               0 	               0 	               0 	               0 	               0 	               0 	       136.75409 	    0.0010625426 	   0.00063191725 	   0.00026037936 	   9.1794659e-05 	   5.1215156e-05 	   2.7236199e-05 	               0 	    -0.011904545 	   -0.0054654181 	   -0.0026171826 	   -0.0012499223 	   -0.0014261021 	   -0.0011459202
236000 	       134.64922 	               0 	               0 	               0 	               0 	               0 	               0 	       135.93558 	    0.0015599695 	   0.00090217302 	   0.00038745065 	    0.0001421201 	   8.2686584e-05 	   4.5539113e-05 	               0 	    -0.011917809 	   -0.0054691812 	    -0.002619498 	   -0.0012515921 	   -0.0014287695 	   -0.0011487684
237000 	       135.34938 	               0 	               0 	               0 	               0 	               0 	               0 	       134.96706 	   0.00053547892 	    0.0003150782 	    0.0001297587 	   4.7614488e-05 	   2.7838723e-05 	   1.5188812e-05 	               0 	    -0.011744578 	   -0.0054007655 	   -0.0025842628 	   -0.0012320614 	   -0.0014028609 	   -0.0011246277
238000 	       135.68432 	               0 	               0 	               0 	               0 	               0 	               0 	       135.79287 	   0.00069969505 	   0.00039845902 	   0.00017172868 	   6.6333331e-05 	   4.0832021e-05 	   2.2342002e-05 	               0 	    -0.011891857 	   -0.0054596755 	   -0.0026144123 	   -0.0012485784 	   -0.0014245435 	   -0.0011446474
239000 	       139.95692 	               0 	               0 	               0 	               0 	               0 	               0 	       138.45967 	   0.00097003028 	   0.00051368968 	   0.00025412363 	    0.0001178572 	    5.668082e-05 	   2.7678959e-05 	               0 	    -0.012343558 	    -0.005641272 	   -0.0027071055 	   -0.0012991152 	   -0.0014906147 	   -0.0012054509
240000 	       142.29513 	               0 	               0 	               0 	               0 	               0 	               0 	       142.01704 	   0.00067718713 	    0.0003786232 	   0.00016519994 	   6.6471069e-05 	   4.3034756e-05 	    2.385816e-05 	               0 	    -0.012303366 	   -0.0056280967 	   -0.0026996337 	   -0.0012942682 	   -0.0014833537 	   -0.0011980132
241000 	       140.68944 	               0 	               0 	               0 	               0 	               0 	               0 	       141.01906 	    0.0017074708 	   0.00093956724 	   0.00041742264 	    0.0001710397 	     0.000115495 	   6.3946193e-05 	               0 	     -0.01229816 	   -0.0056244439 	   -0.0026981601 	   -0.0012938693 	   -0.0014833149 	   -0.0011983714
242000 	       144.46079 	               0 	               0 	               0 	               0 	               0 	               0 	       143.44497 	    0.0016124057 	   0.00090531526 	    0.0003864057 	   0.00015587348 	   0.00010622447 	   5.8586754e-05 	               0 	    -0.012206363 	   -0.0055916197 	   -0.0026803828 	   -0.0012831188 	    -0.001467997 	   -0.0011832442
243000 	       142.57265 	               0 	               0 	               0 	               0 	               0 	               0 	       143.25199 	   0.00076881685 	   0.00041626227 	   0.00018433484 	   7.8338204e-05 	   5.7208599e-05 	   3.2672936e-05 	               0 	    -0.012312502 	   -0.0056319961 	   -0.0027015673 	   -0.0012952637 	   -0.0014845853 	   -0.0011990897
244000 	       142.92077 	               0 	               0 	               0 	               0 	               0 	               0 	       142.68603 	   0.00047782067 	   0.00025036824 	   0.00011948623 	   5.7794648e-05 	   3.4645283e-05 	   1.5526265e-05 	               0 	    -0.012490189 	   -0.0057021994 	   -0.0027377063 	    -0.001315285 	   -0.0015111458 	    -0.001223852
245000 	       139.33809 	               0 	               0 	               0 	               0 	               0 	               0 	       140.42545 	    0.0015130005 	   0.00081766835 	   0.00036052519 	   0.00015481001 	   0.00011580428 	   6.4192626e-05 	               0 	    -0.012005527 	   -0.0055078496 	   -0.0026383821 	    -0.001261005 	   -0.0014400234 	   -0.0011582669
246000 	       132.80778 	               0 	               0 	               0 	               0 	               0 	               0 	       135.74007 	    0.0011737672 	    0.0006372377 	   0.00027564882 	   0.00011905914 	   9.0704754e-05 	   5.1116794e-05 	               0 	     -0.01181986 	   -0.0054293081 	   -0.0025992677 	   -0.0012406902 	   -0.0014146714 	   -0.0011359231
247000 	       129.92803 	               0 	               0 	               0 	               0 	               0 	               0 	       130.40352 	    0.0027581975 	    0.0015566684 	   0.00065649732 	   0.00026589942 	   0.00018501041 	   9.4121959e-05 	               0 	    -0.011525973 	   -0.0053105981 	   -0.0025388028 	   -0.0012078658 	   -0.0013719411 	   -0.0010967652
248000 	       127.57015 	               0 	               0 	               0 	               0 	               0 	               0 	       128.47443 	    0.0013138413 	   0.00074602353 	   0.00031258684 	   0.00012376494 	   8.7386158e-05 	   4.4079828e-05 	               0 	    -0.011371972 	   -0.0052468006 	   -0.0025067041 	    -0.001190852 	   -0.0013502873 	    -0.001077328
249000 	       129.19222 	               0 	               0 	               0 	               0 	               0 	               0 	       128.75654 	   0.00037753066 	   0.00021183101 	   9.1121602e-05 	   3.8985278e-05 	    2.520485e-05 	   1.0387915e-05 	               0 	    -0.011744552 	   -0.0053941016 	   -0.0025825347 	   -0.0012328465 	   -0.0014059402 	   -0.0011291288
250000 	       128.85526 	               0 	               0 	               0 	               0 	               0 	               0 	       129.16019 	   0.00092148589 	   0.00052217189 	   0.00021645463 	   8.5912369e-05 	   6.4378391e-05 	   3.2568608e-05 	               0 	    -0.011573874 	   -0.0053269298 	   -0.0025478786 	   -0.0012135747 	   -0.0013803041 	   -0.0011051866
251000 	       125.39009 	               0 	               0 	               0 	               0 	               0 	               0 	       126.63101 	     0.011269457 	    0.0063309276 	    0.0026071303 	    0.0010503201 	   0.00083276441 	   0.00044831469 	               0 	    -0.011374111 	   -0.0052444179 	    -0.002506306 	   -0.0011914776 	   -0.0013521031 	    -0.001079806
252000 	       123.63212 	               0 	               0 	               0 	               0 	               0 	               0 	       124.34297 	   0.00061316522 	   0.00034317375 	   0.00014287134 	   5.7359308e-05 	   4.5574724e-05 	    2.418609e-05 	               0 	     -0.01120422 	   -0.0052004951 	   -0.0024777004 	    -0.001169535 	   -0.0013159473 	   -0.0010405426
253000 	       117.64951 	               0 	               0 	               0 	               0 	               0 	               0 	       119.68002 	     0.010720419 	    0.0060719414 	     0.002470046 	   0.00098012716 	   0.00078231216 	   0.00041599202 	               0 	    -0.010735827 	   -0.0050064052 	   -0.0023800206 	   -0.0011177599 	   -0.0012501042 	  -0.00098153746
254000 	       114.92777 	               0 	               0 	               0 	               0 	               0 	               0 	       115.82241 	   0.00065178021 	   0.00037881668 	   0.00014948377 	   5.6875971e-05 	   4.4109352e-05 	    2.249444e-05 	               0 	    -0.010506654 	   -0.0049120309 	   -0.0023323709 	   -0.0010923491 	   -0.0012176141 	    -0.000952289
255000 	       106.30211 	               0 	               0 	               0 	               0 	               0 	               0 	       109.64043 	   0.00052586539 	   0.00030603888 	   0.00012162159 	   4.5482622e-05 	   3.5097373e-05 	   1.7624922e-05 	               0 	    -0.010030803 	   -0.0047104573 	    -0.002231986 	   -0.0010402592 	   -0.0011527565 	  -0.00089534413
256000 	       95.793878 	               0 	               0 	               0 	               0 	               0 	               0 	       99.653309 	    0.0060894159 	    0.0036045869 	    0.0013967281 	   0.00050933555 	    0.0003899286 	   0.00018883678 	               0 	   -0.0093288647 	   -0.0044162648 	   -0.0020846659 	  -0.00096299715 	   -0.0010556127 	  -0.00080932413
257000 	       96.517074 	               0 	               0 	               0 	               0 	               0 	               0 	       96.365981 	   0.00055529279 	   0.00033079868 	   0.00012709372 	   4.5896723e-05 	    3.489034e-05 	   1.6613328e-05 	               0 	   -0.0097476261 	   -0.0045606737 	   -0.0021646565 	   -0.0010129095 	    -0.001128004 	  -0.00088138243
258000 	       93.024718 	               0 	               0 	               0 	               0 	               0 	               0 	       94.292071 	    0.0033468648 	    0.0019823703 	   0.00077217645 	   0.00027847395 	   0.00021216923 	   0.00010167487 	               0 	   -0.0096386174 	   -0.0045122677 	   -0.0021410941 	   -0.0010012504 	   -0.0011141812 	  -0.00086982396
259000 	       90.686706 	               0 	               0 	               0 	               0 	               0 	               0 	       92.030667 	   0.00059107886 	   0.00035048841 	      0.00013664 	   4.9124409e-05 	   3.7232461e-05 	   1.7593579e-05 	               0 	   -0.0094785795 	   -0.0044454489 	   -0.0021075838 	  -0.00098361512 	   -0.0010919166 	  -0.00085001516
260000 	       83.214874 	               0 	               0 	               0 	               0 	               0 	               0 	       85.537552 	    0.0045119779 	    0.0025203745 	    0.0010889455 	   0.00042347241 	   0.00032605856 	    0.0001531269 	               0 	   -0.0090897634 	   -0.0042709757 	   -0.0020230752 	  -0.00094224881 	   -0.0010434556 	  -0.00081000807
261000 	       81.352553 	               0 	               0 	               0 	               0 	               0 	               0 	       82.364847 	   0.00022647557 	   0.00012676143 	   5.4932559e-05 	    2.117233e-05 	   1.6210575e-05 	   7.3986787e-06 	               0 	   -0.0089536721 	   -0.0042115862 	   -0.0019939226 	  -0.00092756417 	   -0.0010257143 	  -0.00079488482
262000 	       80.022603 	               0 	               0 	               0 	               0 	               0 	               0 	       80.243026 	    0.0015962633 	   0.00096418717 	   0.00037037217 	   0.00012902998 	   9.3263963e-05 	    3.941006e-05 	               0 	   -0.0086658767 	   -0.0040977995 	   -0.0019352603 	   -0.0008950511 	  -0.00098271418 	  -0.00075505161
263000 	       79.015814 	               0 	               0 	               0 	               0 	               0 	               0 	       79.925744 	     0.001060684 	   0.00065301084 	   0.00025193234 	   7.9889804e-05 	   5.4194503e-05 	   2.1656497e-05 	               0 	   -0.0087123792 	   -0.0041067926 	    -0.001942361 	  -0.00090146432 	  -0.00099402374 	  -0.00076773753
264000 	        77.41661 	               0 	               0 	               0 	               0 	               0 	               0 	       77.896678 	   4.2378799e-05 	   2.7205936e-05 	    1.281143e-05 	   1.6938745e-06 	   4.8826421e-07 	   1.7929412e-07 	               0 	    -0.008716667 	   -0.0041029078 	   -0.0019418176 	  -0.00090263369 	  -0.00099725477 	  -0.00077205321
265000 	        77.21223 	               0 	               0 	               0 	               0 	               0 	               0 	        77.29972 	    0.0006119045 	   0.00039172212 	    0.0001405854 	   4.2180815e-05 	   2.7453218e-05 	   9.9629477e-06 	               0 	   -0.0085330544 	   -0.0040268659 	   -0.0019035208 	  -0.00088231785 	  -0.00097142148 	  -0.00074892842
266000 	        76.55608 	               0 	               0 	               0 	               0 	               0 	               0 	       76.945491 	   0.00043883282 	   0.00027395114 	   0.00010371207 	   3.2137746e-05 	   2.1132352e-05 	   7.8995158e-06 	               0 	   -0.0086200612 	   -0.0040574648 	    -0.001920288 	  -0.00089261199 	  -0.00098618559 	  -0.00076351083
267000 	       75.650357 	               0 	               0 	               0 	               0 	               0 	               0 	       76.104779 	   0.00050060117 	   0.00032116391 	   0.00011312378 	   3.4246233e-05 	   2.2976948e-05 	    9.090307e-06 	               0 	   -0.0084073102 	   -0.0039698541 	   -0.0018760404 	  -0.00086901098 	   -0.0009560212 	  -0.00073638344
268000 	       74.025038 	               0 	               0 	               0 	               0 	               0 	               0 	       74.785345 	   0.00033728114 	   0.00021571624 	   7.6722471e-05 	   2.3218877e-05 	   1.5543866e-05 	   6.0796857e-06 	               0 	   -0.0084296983 	   -0.0039680681 	   -0.0018779014 	  -0.00087284557 	  -0.00096430431 	  -0.00074657892
269000 	       72.389617 	               0 	               0 	               0 	               0 	               0 	               0 	       73.029204 	   0.00030726967 	   0.00019298847 	   7.2136954e-05 	   2.2216723e-05 	   1.4601299e-05 	   5.3262254e-06 	               0 	   -0.0083623833 	   -0.0039396088 	   -0.0018637148 	  -0.00086546996 	  -0.00095510352 	  -0.00073848618
270000 	       72.975132 	               0 	               0 	               0 	               0 	               0 	               0 	       72.957287 	   2.3926013e-05 	   1.5252801e-05 	   7.5585475e-06 	   8.0419653e-07 	   2.2478305e-07 	   8.5685129e-08 	               0 	   -0.0085095378 	   -0.0039997452 	   -0.0018941976 	  -0.00088184651 	  -0.00097618094 	  -0.00075756761
271000 	       69.079134 	               0 	               0 	               0 	               0 	               0 	               0 	       70.579104 	   0.00026037422 	   0.00017158919 	   5.9005871e-05 	   1.6907365e-05 	   1.0077573e-05 	   2.7942209e-06 	               0 	    -0.008157731 	   -0.0038408394 	   -0.0018174687 	  -0.00084454521 	  -0.00093281535 	  -0.00072206239
272000 	       67.846658 	               0 	               0 	               0 	               0 	               0 	               0 	       68.170878 	   0.00023753628 	   0.00015709598 	   5.2854408e-05 	   1.5340254e-05 	   9.4615845e-06 	   2.7840528e-06 	               0 	   -0.0080432201 	   -0.0037900553 	   -0.0017927329 	  -0.00083228908 	   -0.0009182644 	  -0.00070987838
273000 	       65.637999 	               0 	               0 	               0 	               0 	               0 	               0 	       66.579829 	   0.00026026426 	   0.00017256238 	   5.7686525e-05 	   1.6772109e-05 	     1.02698e-05 	   2.9734495e-06 	               0 	   -0.0080565255 	   -0.0037810215 	    -0.001791795 	  -0.00083553003 	  -0.00092688479 	  -0.00072129412
274000 	       64.077115 	               0 	               0 	               0 	               0 	               0 	               0 	       64.446471 	    0.0015308807 	    0.0010270616 	   0.00033935952 	   9.5652263e-05 	   5.3192951e-05 	   1.5614371e-05 	               0 	   -0.0079324164 	   -0.0037299529 	   -0.0017660031 	  -0.00082176625 	  -0.00090927168 	   -0.0007054225
275000 	       63.775929 	               0 	               0 	               0 	               0 	               0 	               0 	       63.857032 	   0.00035439267 	   0.00024263433 	   7.7809472e-05 	   2.0894064e-05 	   1.0527569e-05 	   2.5272378e-06 	               0 	   -0.0082234734 	   -0.0038307316 	   -0.0018216003 	   -0.0008563167 	  -0.00095937997 	  -0.00075544483
276000 	       63.635009 	               0 	               0 	               0 	               0 	               0 	               0 	       63.712919 	   0.00065439991 	   0.00043005099 	   0.00015221338 	    4.314092e-05 	   2.2879127e-05 	   6.1154985e-06 	               0 	   -0.0082871828 	   -0.0038585682 	   -0.0018352522 	  -0.00086318335 	  -0.00096766879 	  -0.00076251019
277000 	        63.06242 	               0 	               0 	               0 	               0 	               0 	               0 	       63.427443 	    0.0003159594 	   0.00021394657 	   6.9324408e-05 	   1.9347131e-05 	   1.0751826e-05 	   2.5894671e-06 	               0 	   -0.0081852744 	   -0.0038123749 	   -0.0018129846 	  -0.00085239809 	  -0.00095518259 	  -0.00075233425
278000 	       61.681988 	               0 	               0 	               0 	               0 	               0 	               0 	       62.288109 	   0.00015786399 	   0.00010679869 	   3.5827881e-05 	   9.6176213e-06 	   4.7739124e-06 	   8.4588232e-07 	               0 	    -0.008147936 	   -0.0037986118 	   -0.0018056419 	  -0.00084806966 	  -0.00094914214 	  -0.00074647052
279000 	       60.302603 	               0 	               0 	               0 	               0 	               0 	               0 	       60.886348 	   0.00020091784 	   0.00013583214 	   4.4575585e-05 	   1.2408496e-05 	   6.7571494e-06 	   1.3444703e-06 	               0 	   -0.0079129588 	   -0.0037056318 	   -0.0017577812 	  -0.00082158105 	  -0.00091407813 	  -0.00071388659
280000 	       59.354558 	               0 	               0 	               0 	               0 	               0 	               0 	        59.53784 	   0.00017916854 	   0.00012511565 	   3.8977066e-05 	   9.9782355e-06 	   4.3975087e-06 	   7.0007817e-07 	               0 	   -0.0092377407 	   -0.0041935827 	   -0.0020179125 	  -0.00097494444 	    -0.001128523 	  -0.00092277805
281000 	       58.646737 	               0 	               0 	               0 	               0 	               0 	               0 	       58.917383 	   0.00061868072 	   0.00041709283 	   0.00014240382 	   3.8287534e-05 	   1.6688035e-05 	   4.2084977e-06 	               0 	   -0.0084415847 	   -0.0039442174 	   -0.0018730229 	  -0.00087764962 	  -0.00097932545 	  -0.00076736933
282000 	       57.953279 	               0 	               0 	               0 	               0 	               0 	               0 	        58.39236 	    0.0011242913 	   0.00075586905 	   0.00025633882 	   6.9875083e-05 	   3.2821647e-05 	   9.3866951e-06 	               0 	   -0.0079367055 	   -0.0037554438 	   -0.0017729297 	  -0.00081933724 	  -0.00089886794 	  -0.00069012683
283000 	       57.276683 	               0 	               0 	               0 	               0 	               0 	               0 	       57.575851 	   0.00056216356 	   0.00038611153 	    0.0001223762 	   3.3410861e-05 	   1.6306512e-05 	   3.9584695e-06 	               0 	    -0.007909476 	   -0.0037435642 	   -0.0017670969 	  -0.00081639813 	  -0.00089531663 	  -0.00068710015
284000 	       56.713387 	               0 	               0 	               0 	               0 	               0 	               0 	        56.96513 	    0.0001537059 	   0.00011014643 	   3.2324227e-05 	   7.8668361e-06 	   2.9794608e-06 	   3.8895333e-07 	               0 	   -0.0078380486 	   -0.0037135169 	   -0.0017520785 	  -0.00080855037 	  -0.00088548321 	  -0.00067841966
285000 	       56.490351 	               0 	               0 	               0 	               0 	               0 	               0 	       56.582166 	    0.0015702262 	    0.0010614019 	   0.00035576824 	   9.6439871e-05 	   4.3679954e-05 	   1.2936249e-05 	               0 	   -0.0078100759 	   -0.0037027382 	   -0.0017464466 	  -0.00080535444 	  -0.00088117307 	   -0.0006743636
286000 	       55.444432 	               0 	               0 	               0 	               0 	               0 	               0 	       56.024782 	    0.0091440051 	    0.0063333016 	    0.0019813923 	   0.00052631414 	   0.00022694425 	    7.605281e-05 	               0 	   -0.0077413509 	   -0.0036715123 	   -0.0017314102 	  -0.00079808951 	  -0.00087278689 	  -0.00066755214
287000 	       54.127447 	               0 	               0 	               0 	               0 	               0 	               0 	       54.545272 	   0.00048616721 	    0.0003489419 	   0.00010346176 	   2.4065738e-05 	   7.8438407e-06 	   1.8539791e-06 	               0 	   -0.0076645239 	   -0.0036386703 	   -0.0017151226 	  -0.00078971195 	  -0.00086245279 	  -0.00065856613
288000 	       54.264769 	               0 	               0 	               0 	               0 	               0 	               0 	       54.269623 	   0.00083071578 	   0.00057946887 	   0.00018149262 	   4.6662277e-05 	   1.8172828e-05 	   4.9191896e-06 	               0 	   -0.0076824838 	   -0.0036456269 	   -0.0017187482 	  -0.00079175984 	  -0.00086520346 	  -0.00066114544
289000 	       53.451239 	               0 	               0 	               0 	               0 	               0 	               0 	       53.880211 	   0.00026046513 	   0.00018652261 	   5.5731601e-05 	   1.3302149e-05 	   4.1938163e-06 	   7.1495353e-07 	               0 	   -0.0076150367 	   -0.0036173652 	   -0.0017045929 	  -0.00078433402 	  -0.00085586602 	  -0.00065287847
290000 	       52.352217 	               0 	               0 	               0 	               0 	               0 	               0 	       52.609025 	   0.00058153174 	   0.00040384003 	    0.0001291158 	   3.3270969e-05 	   1.2263506e-05 	   3.0414286e-06 	               0 	   -0.0075688543 	   -0.0035957813 	    -0.001694337 	  -0.00077952654 	   -0.0008505095 	  -0.00064870003
291000 	       53.561271 	               0 	               0 	               0 	               0 	               0 	               0 	       53.048689 	    0.0017960654 	    0.0012984001 	   0.00037416739 	   8.6068037e-05 	   2.7876865e-05 	   9.5530849e-06 	               0 	   -0.0076806733 	   -0.0036411926 	   -0.0017174391 	   -0.0007920157 	  -0.00086665989 	  -0.00066336603
292000 	        52.63842 	               0 	               0 	               0 	               0 	               0 	               0 	       53.367708 	   3.0561961e-06 	    1.988904e-06 	   9.4442647e-07 	   8.0446554e-08 	   3.5480573e-08 	   6.9384105e-09 	               0 	   -0.0076176069 	   -0.0036142864 	   -0.0017040829 	  -0.00078513253 	  -0.00085815207 	  -0.00065595299
293000 	       50.862778 	               0 	               0 	               0 	               0 	               0 	               0 	       51.587653 	   0.00022190156 	   0.00015611712 	   4.8051708e-05 	    1.222076e-05 	   4.7807977e-06 	   7.3117397e-07 	               0 	   -0.0075044606 	   -0.0035645422 	    -0.001679748 	  -0.00077296528 	  -0.00084357202 	  -0.00064363319
294000 	       50.332103 	               0 	               0 	               0 	               0 	               0 	               0 	       50.624541 	   0.00025314208 	   0.00017757214 	   5.6263445e-05 	   1.3882961e-05 	   4.6416456e-06 	   7.8189352e-07 	               0 	   -0.0074756469 	   -0.0035512326 	   -0.0016733887 	  -0.00076994634 	  -0.00084015713 	  -0.00064092207
295000 	       50.116239 	               0 	               0 	               0 	               0 	               0 	               0 	       50.242731 	   0.00018099233 	   0.00013085765 	   3.7909504e-05 	   9.0892684e-06 	   2.7639103e-06 	   3.7199915e-07 	               0 	    -0.007466067 	   -0.0035461697 	   -0.0016711134 	  -0.00076902174 	  -0.00083931801 	  -0.00064044419
296000 	       50.033055 	               0 	               0 	               0 	               0 	               0 	               0 	       50.147853 	   0.00013405045 	   9.7752571e-05 	   2.7806753e-05 	   6.4538758e-06 	   1.8273738e-06 	   2.0987727e-07 	               0 	   -0.0074620439 	   -0.0035454597 	   -0.0016705154 	  -0.00076845773 	  -0.00083830784 	  -0.00063930324
297000 	       49.628629 	               0 	               0 	               0 	               0 	               0 	               0 	       49.861826 	   0.00012681847 	   9.2755277e-05 	   2.6614675e-05 	   5.8214929e-06 	   1.4575689e-06 	   1.6945527e-07 	               0 	   -0.0074302842 	   -0.0035316763 	   -0.0016637299 	     -0.00076502 	  -0.00083413184 	  -0.00063572626
298000 	       48.962043 	               0 	               0 	               0 	               0 	               0 	               0 	       49.234825 	   0.00047776139 	   0.00034293753 	   0.00010211859 	   2.3901785e-05 	   7.2648021e-06 	    1.538687e-06 	               0 	   -0.0073694938 	     -0.00350616 	   -0.0016509599 	  -0.00075833193 	  -0.00082573622 	  -0.00062830569
299000 	       48.346749 	               0 	               0 	               0 	               0 	               0 	               0 	       48.641403 	   5.1474695e-06 	   3.4414879e-06 	   1.5254485e-06 	   1.3503163e-07 	   3.4595559e-08 	   1.0905905e-08 	               0 	   -0.0073203767 	    -0.003483867 	   -0.0016402193 	  -0.00075313652 	  -0.00081973154 	  -0.00062342231
300000 	       48.082856 	               0 	               0 	               0 	               0 	               0 	               0 	       48.193904 	   0.00011696682 	   8.5984448e-05 	   2.4724817e-05 	   5.0832445e-06 	   1.0608495e-06 	   1.1346027e-07 	               0 	   -0.0072834816 	   -0.0034686815 	   -0.0016325443 	   -0.0007490395 	   -0.0008144962 	  -0.00061872014
301000 	       47.712865 	               0 	               0 	               0 	               0 	               0 	               0 	       48.038292 	   0.00014415477 	   0.00010561026 	   3.0092738e-05 	   6.6455768e-06 	   1.6337316e-06 	   1.7246552e-07 	               0 	   -0.0072496284 	   -0.0034539244 	   -0.0016252944 	  -0.00074538276 	  -0.00081007511 	  -0.00061495181
302000 	       46.727856 	               0 	               0 	               0 	               0 	               0 	               0 	       47.069508 	   0.00022327289 	   0.00016291441 	   4.6969903e-05 	   1.0352357e-05 	   2.6974958e-06 	   3.3873065e-07 	               0 	   -0.0072029333 	   -0.0034329026 	   -0.0016151265 	  -0.00074042193 	  -0.00080428659 	  -0.00061019568
303000 	       46.894218 	               0 	               0 	               0 	               0 	               0 	               0 	        46.77449 	    0.0012007091 	   0.00087742322 	    0.0002561809 	   4.8161922e-05 	   1.5359736e-05 	    3.583298e-06 	               0 	   -0.0071963844 	   -0.0034310447 	   -0.0016139748 	  -0.00073959003 	  -0.00080296818 	   -0.0006088068
304000 	       46.470559 	               0 	               0 	               0 	               0 	               0 	               0 	       46.936681 	   0.00011395827 	   8.4909952e-05 	   2.3309755e-05 	    4.764406e-06 	   8.9363934e-07 	   8.0519577e-08 	               0 	   -0.0071497629 	   -0.0034113244 	   -0.0016041416 	  -0.00073447828 	   -0.0007965994 	  -0.00060321924
305000 	       44.395032 	               0 	               0 	               0 	               0 	               0 	               0 	        44.92438 	   0.00023834922 	   0.00017641529 	   5.0269875e-05 	   9.3450333e-06 	   2.0761096e-06 	   2.4291487e-07 	               0 	   -0.0069911387 	   -0.0033414544 	   -0.0015699866 	  -0.00071743195 	  -0.00077621924 	  -0.00058604657
306000 	       46.411182 	               0 	               0 	               0 	               0 	               0 	               0 	        45.63601 	   0.00023775998 	   0.00017345943 	   5.1000662e-05 	   1.0535788e-05 	   2.4823163e-06 	   2.8178361e-07 	               0 	   -0.0071370422 	   -0.0034063778 	   -0.0016015676 	  -0.00073302915 	  -0.00079465998 	  -0.00060140778
307000 	       46.472566 	               0 	               0 	               0 	               0 	               0 	               0 	       46.572711 	   0.00042637368 	   0.00031419662 	   8.8787193e-05 	   1.7759597e-05 	   4.7914811e-06 	   8.3878596e-07 	               0 	   -0.0071120723 	   -0.0033973792 	   -0.0015966931 	  -0.00073009507 	  -0.00079052236 	  -0.00059738258
308000 	        45.61276 	               0 	               0 	               0 	               0 	               0 	               0 	       46.023079 	   0.00016721703 	   0.00012319758 	   3.4979093e-05 	   7.2867667e-06 	   1.5992522e-06 	   1.5433549e-07 	               0 	   -0.0070478098 	   -0.0033687966 	   -0.0015827863 	  -0.00072322354 	   -0.0007823943 	    -0.000590609
309000 	       46.284284 	               0 	               0 	               0 	               0 	               0 	               0 	       45.931351 	   0.00028708061 	   0.00021116177 	   5.9713749e-05 	   1.2629691e-05 	    3.159842e-06 	   4.1555564e-07 	               0 	   -0.0070972568 	   -0.0033911372 	   -0.0015935742 	  -0.00072846724 	  -0.00078848689 	  -0.00059559126
310000 	       45.345607 	               0 	               0 	               0 	               0 	               0 	               0 	       46.040478 	    0.0013167819 	   0.00098162543 	   0.00027072237 	   4.6745894e-05 	   1.4643618e-05 	   3.0446202e-06 	               0 	   -0.0070439062 	   -0.0033684771 	   -0.0015822967 	  -0.00072262805 	  -0.00078124205 	  -0.00058926221
311000 	       45.963343 	               0 	               0 	               0 	               0 	               0 	               0 	       45.645873 	   0.00011301462 	   8.3898759e-05 	   2.3443319e-05 	   4.7310058e-06 	   8.6963684e-07 	   7.1902711e-08 	               0 	   -0.0070575371 	   -0.0033750941 	   -0.0015853855 	  -0.00072401595 	   -0.0007827085 	    -0.000590333
312000 	       45.052703 	               0 	               0 	               0 	               0 	               0 	               0 	       45.492526 	   6.3819402e-07 	   4.2712289e-07 	    1.890701e-07 	   1.6352188e-08 	   4.2755968e-09 	   1.3732479e-09 	               0 	   -0.0069813945 	   -0.0033418047 	   -0.0015690517 	  -0.00071580085 	  -0.00077280945 	  -0.00058192786
313000 	       42.830695 	               0 	               0 	               0 	               0 	               0 	               0 	       43.976766 	   0.00061320669 	   0.00045515579 	   0.00012643474 	   2.4198297e-05 	   6.4443465e-06 	    9.735131e-07 	               0 	   -0.0068541357 	   -0.0032836664 	    -0.001541126 	  -0.00070238539 	  -0.00075742738 	  -0.00056953051
314000 	       44.929164 	               0 	               0 	               0 	               0 	               0 	               0 	       43.563533 	   0.00018650631 	   0.00013897775 	   3.8424642e-05 	   7.4819915e-06 	   1.4892117e-06 	   1.3271761e-07 	               0 	   -0.0069370491 	   -0.0033243181 	   -0.0015600139 	  -0.00071077612 	  -0.00076616032 	  -0.00057578059
315000 	       46.227318 	               0 	               0 	               0 	               0 	               0 	               0 	        46.33595 	     0.000648662 	   0.00048411849 	   0.00013301768 	   2.3757985e-05 	   6.6040201e-06 	   1.1638302e-06 	               0 	   -0.0069859447 	   -0.0033496317 	   -0.0015714871 	  -0.00071555451 	  -0.00077068697 	  -0.00057858439
316000 	       44.156998 	               0 	               0 	               0 	               0 	               0 	               0 	       45.050783 	   0.00060871162 	   0.00044321245 	     0.000130194 	    2.688228e-05 	   7.1830176e-06 	   1.2398716e-06 	               0 	   -0.0068607951 	   -0.0032923617 	   -0.0015439996 	  -0.00070237266 	    -0.000755604 	  -0.00056645711
317000 	       44.874743 	               0 	               0 	               0 	               0 	               0 	               0 	        44.13886 	   7.0670646e-07 	   4.7444366e-07 	   2.0801712e-07 	   1.8077345e-08 	    4.663369e-09 	   1.5049646e-09 	               0 	   -0.0068699965 	   -0.0032982705 	    -0.001546444 	   -0.0007031265 	  -0.00075592332 	  -0.00056623217
318000 	       42.663669 	               0 	               0 	               0 	               0 	               0 	               0 	       43.845772 	    6.134269e-07 	   4.1174656e-07 	   1.8066369e-07 	   1.5651187e-08 	   4.0533336e-09 	   1.3121391e-09 	               0 	   -0.0067350382 	   -0.0032376754 	   -0.0015170913 	  -0.00068876309 	  -0.00073911698 	  -0.00055239142
319000 	       43.065858 	               0 	               0 	               0 	               0 	               0 	               0 	       42.901535 	   0.00019467972 	    0.0001490121 	   3.8298981e-05 	   6.1083272e-06 	   1.1363862e-06 	   1.2393022e-07 	               0 	   -0.0067434632 	   -0.0032421579 	    -0.001519098 	  -0.00068957074 	  -0.00073984068 	  -0.00055279592
320000 	       43.326197 	               0 	               0 	               0 	               0 	               0 	               0 	       43.192194 	   0.00011206145 	   8.3830731e-05 	    2.301911e-05 	    4.409868e-06 	    7.196554e-07 	   8.2087518e-08 	               0 	   -0.0067677153 	   -0.0032545495 	   -0.0015247467 	  -0.00069196069 	  -0.00074216192 	  -0.00055429651
321000 	       40.110965 	               0 	               0 	               0 	               0 	               0 	               0 	       40.729882 	   8.3228066e-07 	   5.7939164e-07 	   2.2059023e-07 	   2.6556985e-08 	   4.3493988e-09 	   1.3924109e-09 	               0 	   -0.0066217979 	   -0.0031839835 	   -0.0014917528 	  -0.00067707299 	   -0.0007263397 	  -0.00054264894
322000 	       42.476933 	               0 	               0 	               0 	               0 	               0 	               0 	       41.221067 	   0.00017160872 	   0.00013015275 	   3.4398119e-05 	   5.7667467e-06 	   1.1021583e-06 	   1.8894989e-07 	               0 	     -0.00672583 	   -0.0032335066 	     -0.00151508 	  -0.00068778741 	  -0.00073798627 	  -0.00055146971
323000 	       45.053497 	               0 	               0 	               0 	               0 	               0 	               0 	       45.162472 	   0.00013248111 	   9.7895211e-05 	   2.7936349e-05 	   5.4275863e-06 	   1.0774981e-06 	   1.4446775e-07 	               0 	   -0.0068505998 	    -0.003293377 	   -0.0015431755 	  -0.00070057705 	  -0.00075173331 	  -0.00056173689
324000 	       42.064458 	               0 	               0 	               0 	               0 	               0 	               0 	       43.329236 	   0.00041354461 	   0.00030926953 	    8.489883e-05 	   1.4825961e-05 	   3.7783926e-06 	   7.7190207e-07 	               0 	   -0.0066973113 	   -0.0032221018 	   -0.0015092255 	  -0.00068457379 	  -0.00073378369 	  -0.00054762654
325000 	       41.687219 	               0 	               0 	               0 	               0 	               0 	               0 	       41.834843 	   0.00011398495 	   8.4601598e-05 	   2.3728121e-05 	   4.7563012e-06 	   8.3384965e-07 	   6.5080539e-08 	               0 	    -0.006651926 	   -0.0032018543 	   -0.0014993863 	  -0.00067972648 	  -0.00072807128 	  -0.00054288773
326000 	       41.193841 	               0 	               0 	               0 	               0 	               0 	               0 	       41.481614 	    0.0021596451 	    0.0016383984 	   0.00042727357 	   6.6618076e-05 	   2.1241603e-05 	    6.113396e-06 	               0 	   -0.0066119234 	   -0.0031849151 	   -0.0014909391 	  -0.00067533809 	  -0.00072261438 	  -0.00053811675
327000 	       40.321867 	               0 	               0 	               0 	               0 	               0 	               0 	        40.77427 	   9.3039971e-05 	   7.0027386e-05 	   1.8951222e-05 	   3.5138315e-06 	   5.0008331e-07 	   4.7448248e-08 	               0 	   -0.0065540707 	   -0.0031593681 	   -0.0014784616 	  -0.00066912508 	  -0.00071521045 	   -0.0005319054
328000 	       39.469894 	               0 	               0 	               0 	               0 	               0 	               0 	       39.925531 	   0.00044627223 	   0.00033474658 	   9.0855066e-05 	   1.6318232e-05 	   3.8319057e-06 	   5.2045129e-07 	               0 	   -0.0065028669 	   -0.0031351135 	   -0.0014670102 	  -0.00066383636 	  -0.00070942223 	   -0.0005274847
329000 	       38.618342 	               0 	               0 	               0 	               0 	               0 	               0 	       39.001719 	   1.2800434e-07 	   8.7988952e-08 	   3.5337912e-08 	   3.6920645e-09 	   7.4523346e-10 	   2.4017394e-10 	               0 	   -0.0064379264 	   -0.0031061351 	   -0.0014529288 	  -0.00065690041 	  -0.00070125143 	  -0.00052071063
330000 	       37.767128 	               0 	               0 	               0 	               0 	               0 	               0 	       38.209223 	   9.4001157e-05 	   7.1390017e-05 	   1.8856213e-05 	   3.3215405e-06 	    4.092403e-07 	   2.4146874e-08 	               0 	   -0.0063716103 	       -0.003077 	   -0.0014386619 	  -0.00064975848 	  -0.00069269477 	  -0.00051349504
331000 	       37.859577 	               0 	               0 	               0 	               0 	               0 	               0 	       37.810424 	   8.5035924e-05 	     6.44606e-05 	   1.7153442e-05 	   3.0387525e-06 	   3.5940538e-07 	   2.3723996e-08 	               0 	   -0.0063647565 	   -0.0030747396 	   -0.0014373732 	  -0.00064892387 	  -0.00069146112 	  -0.00051225881
332000 	       37.844183 	               0 	               0 	               0 	               0 	               0 	               0 	       37.830029 	   0.00015871256 	   0.00012299996 	   3.0975463e-05 	   3.9515504e-06 	   7.0109398e-07 	   8.4487848e-08 	               0 	   -0.0063561183 	   -0.0030720106 	   -0.0014357784 	  -0.00064785631 	  -0.00068985032 	  -0.00051062266
333000 	       37.565936 	               0 	               0 	               0 	               0 	               0 	               0 	        37.78196 	   1.4808523e-07 	   1.0743848e-07 	   3.5087758e-08 	     4.73312e-09 	    6.267975e-10 	   1.9907614e-10 	               0 	   -0.0063271983 	    -0.003058952 	   -0.0014294689 	  -0.00064478678 	  -0.00068628305 	   -0.0005077076
334000 	       37.599277 	               0 	               0 	               0 	               0 	               0 	               0 	       37.663027 	   1.3872456e-07 	   9.9999694e-08 	   3.2127419e-08 	   5.8696986e-09 	   5.5307394e-10 	   1.7467268e-10 	               0 	   -0.0063272914 	   -0.0030593773 	   -0.0014295839 	  -0.00064474726 	   -0.0006861161 	  -0.00050746671
335000 	       37.587808 	               0 	               0 	               0 	               0 	               0 	               0 	       37.741473 	    2.733458e-07 	   2.0579975e-07 	   5.7817851e-08 	    8.528426e-09 	   9.1531291e-10 	   2.8446545e-10 	               0 	    -0.006316762 	   -0.0030553916 	   -0.0014274766 	  -0.00064353055 	  -0.00068445948 	  -0.00050590377
336000 	       36.766716 	               0 	               0 	               0 	               0 	               0 	               0 	       37.040842 	   0.00011535691 	    8.814431e-05 	   2.2856617e-05 	   3.8278349e-06 	   4.9624713e-07 	   3.1899435e-08 	               0 	   -0.0062607803 	   -0.0030300313 	   -0.0014152424 	  -0.00063759894 	  -0.00067759228 	  -0.00050031535
337000 	       36.582766 	               0 	               0 	               0 	               0 	               0 	               0 	         36.6588 	   0.00019972296 	   0.00015658694 	   3.7646902e-05 	   4.5052953e-06 	   8.8049731e-07 	    1.033192e-07 	               0 	   -0.0062834803 	   -0.0030381855 	   -0.0014196774 	  -0.00064027871 	   -0.0006813679 	  -0.00050397078
338000 	       36.398827 	               0 	               0 	               0 	               0 	               0 	               0 	       36.426042 	   0.00011568733 	   9.1216325e-05 	   2.1529188e-05 	    2.536954e-06 	   3.6829814e-07 	    3.656241e-08 	               0 	   -0.0062326785 	   -0.0030173924 	   -0.0014091236 	  -0.00063460948 	  -0.00067410243 	  -0.00049745054
339000 	       36.167559 	               0 	               0 	               0 	               0 	               0 	               0 	       36.279314 	   0.00016130844 	   0.00012433865 	   3.1923881e-05 	   4.3766729e-06 	   6.2572471e-07 	   4.3513557e-08 	               0 	   -0.0062284406 	   -0.0030140618 	   -0.0014078493 	  -0.00063434265 	  -0.00067423934 	  -0.00049794754
340000 	       35.617175 	               0 	               0 	               0 	               0 	               0 	               0 	       35.893205 	   0.00013059513 	   9.9792952e-05 	   2.6163024e-05 	   4.0624637e-06 	   5.3819437e-07 	   3.8498187e-08 	               0 	   -0.0061924243 	    -0.002998816 	   -0.0014002422 	   -0.0006303882 	  -0.00066932318 	  -0.00049365477
341000 	       35.867073 	               0 	               0 	               0 	               0 	               0 	               0 	       35.736966 	   0.00050772396 	   0.00038927763 	   0.00010059766 	   1.4377355e-05 	   3.1888169e-06 	    2.824957e-07 	               0 	   -0.0061969094 	   -0.0030017381 	   -0.0014014419 	  -0.00063074828 	  -0.00066945886 	  -0.00049352226
342000 	       36.310588 	               0 	               0 	               0 	               0 	               0 	               0 	       36.147266 	   1.5070137e-08 	    1.152712e-08 	   2.7927418e-09 	   7.0753926e-10 	   3.2753969e-11 	   9.9818046e-12 	               0 	   -0.0062134519 	   -0.0030103704 	   -0.0014053378 	  -0.00063235384 	  -0.00067095817 	  -0.00049443182
343000 	       35.570559 	               0 	               0 	               0 	               0 	               0 	               0 	        35.92861 	   0.00031832386 	   0.00025139579 	    5.888418e-05 	     6.24193e-06 	   1.6037594e-06 	   1.9819804e-07 	               0 	   -0.0061693709 	   -0.0029892055 	   -0.0013954093 	  -0.00062783761 	  -0.00066610742 	  -0.00049081113
344000 	       35.693514 	               0 	               0 	               0 	               0 	               0 	               0 	       35.541393 	   8.5325435e-05 	   6.6981375e-05 	    1.620264e-05 	   1.9382507e-06 	   1.9209785e-07 	    1.107097e-08 	               0 	    -0.006164645 	   -0.0029883728 	   -0.0013946986 	  -0.00062716731 	  -0.00066491859 	   -0.0004894877
345000 	       35.898632 	               0 	               0 	               0 	               0 	               0 	               0 	       35.814182 	    0.0001814639 	   0.00014445824 	    3.287694e-05 	   3.4540154e-06 	   6.2160752e-07 	   5.3097598e-08 	               0 	   -0.0061593086 	   -0.0029865407 	   -0.0013936764 	  -0.00062652587 	  -0.00066399137 	  -0.00048857419
346000 	       35.791427 	               0 	               0 	               0 	               0 	               0 	               0 	       35.834703 	   7.7392624e-05 	   5.9543446e-05 	   1.5217943e-05 	   2.3964513e-06 	   2.2390772e-07 	   1.0877078e-08 	               0 	   -0.0061515844 	     -0.00298421 	   -0.0013922756 	  -0.00062555559 	  -0.00066249974 	  -0.00048704342
347000 	       35.685294 	               0 	               0 	               0 	               0 	               0 	               0 	       35.736683 	   6.1123719e-05 	   4.8830427e-05 	   1.1032016e-05 	   1.1769341e-06 	   8.1244481e-08 	   3.0969375e-09 	               0 	   -0.0061412049 	    -0.002979388 	   -0.0013899776 	   -0.0006244712 	  -0.00066128233 	  -0.00048608578
348000 	       35.579156 	               0 	               0 	               0 	               0 	               0 	               0 	       35.610515 	   0.00017973894 	   0.00013944172 	   3.4770734e-05 	   4.7954945e-06 	   6.9193584e-07 	   3.9051032e-08 	               0 	   -0.0061231642 	   -0.0029721072 	   -0.0013862537 	   -0.0006224433 	  -0.00065865389 	   -0.0004837061
349000 	       35.471951 	               0 	               0 	               0 	               0 	               0 	               0 	       35.532918 	   7.0660202e-05 	    5.461244e-05 	   1.3772084e-05 	   2.0891016e-06 	   1.7821094e-07 	   8.3653038e-09 	               0 	   -0.0061204626 	   -0.0029700401 	    -0.001385456 	  -0.00062226667 	  -0.00065871516 	  -0.00048398457
350000 	       35.365817 	               0 	               0 	               0 	               0 	               0 	               0 	       35.450782 	   7.1547828e-05 	   5.6059859e-05 	   1.3465438e-05 	   1.8587162e-06 	   1.5539635e-07 	     8.41789e-09 	               0 	   -0.0061175313 	   -0.0029691512 	   -0.0013849232 	  -0.00062189892 	  -0.00065815116 	  -0.00048340682
351000 	       35.259681 	               0 	               0 	               0 	               0 	               0 	               0 	       35.244274 	   0.00010470508 	   8.4024997e-05 	   1.8621204e-05 	   1.8188177e-06 	   2.2716608e-07 	   1.2893477e-08 	               0 	   -0.0060943038 	   -0.0029596163 	   -0.0013800889 	  -0.00061930866 	  -0.00065484188 	  -0.00048044809
352000 	        35.21378 	               0 	               0 	               0 	               0 	               0 	               0 	        35.26366 	   6.9439262e-05 	    5.353112e-05 	   1.3660694e-05 	   2.0679944e-06 	   1.7163368e-07 	    7.819475e-09 	               0 	   -0.0060638137 	   -0.0029473024 	   -0.0013737921 	  -0.00061588156 	  -0.00065040349 	  -0.00047643413
353000 	       35.229199 	               0 	               0 	               0 	               0 	               0 	               0 	       35.181048 	   9.9327004e-05 	   7.8246562e-05 	   1.8737122e-05 	   2.1076495e-06 	   2.2301931e-07 	   1.2650852e-08 	               0 	   -0.0060576232 	   -0.0029452699 	   -0.0013726281 	  -0.00061512453 	  -0.00064928449 	  -0.00047531614
354000 	       35.243541 	               0 	               0 	               0 	               0 	               0 	               0 	       35.295615 	   0.00010415185 	   8.0048337e-05 	   2.0586972e-05 	     3.15356e-06 	   3.4357989e-07 	    1.939785e-08 	               0 	   -0.0060492005 	   -0.0029418865 	   -0.0013708929 	  -0.00061417524 	  -0.00064804992 	  -0.00047419604
355000 	        35.25896 	               0 	               0 	               0 	               0 	               0 	               0 	       35.264987 	    0.0011928666 	   0.00093074384 	   0.00022751626 	   2.5765672e-05 	   7.9343903e-06 	   9.0643992e-07 	               0 	   -0.0060280192 	   -0.0029337396 	   -0.0013666173 	  -0.00061174025 	  -0.00064477652 	  -0.00047114543
356000 	       35.274018 	               0 	               0 	               0 	               0 	               0 	               0 	       35.254936 	   8.9277008e-05 	   7.0125754e-05 	   1.6807248e-05 	   2.1224994e-06 	   2.0839036e-07 	   1.3116638e-08 	               0 	   -0.0060348203 	   -0.0029369335 	   -0.0013681316 	  -0.00061244641 	  -0.00064555831 	  -0.00047175053
357000 	       34.392673 	               0 	               0 	               0 	               0 	               0 	               0 	       34.733994 	   7.1487581e-05 	   5.6182198e-05 	   1.3342042e-05 	   1.8233032e-06 	   1.3533002e-07 	   4.7085412e-09 	               0 	   -0.0060150834 	   -0.0029254195 	   -0.0013631877 	  -0.00061069125 	  -0.00064433577 	  -0.00047144924
358000 	       34.563347 	               0 	               0 	               0 	               0 	               0 	               0 	        34.47635 	   8.5125333e-05 	    6.934798e-05 	   1.4389242e-05 	   1.2413134e-06 	   1.4086454e-07 	   5.9330047e-09 	               0 	   -0.0060163549 	   -0.0029264862 	   -0.0013635857 	   -0.0006107618 	  -0.00064426311 	  -0.00047125797
359000 	       34.730081 	               0 	               0 	               0 	               0 	               0 	               0 	       34.620187 	   0.00017188055 	   0.00013914892 	   2.9604385e-05 	   2.7055373e-06 	   4.1007163e-07 	   1.1644075e-08 	               0 	   -0.0060200405 	   -0.0029286277 	   -0.0013645069 	   -0.0006110907 	  -0.00064449542 	  -0.00047131977
360000 	       34.302332 	               0 	               0 	               0 	               0 	               0 	               0 	       34.538614 	   0.00026982869 	   0.00021313184 	   5.0190735e-05 	    5.485752e-06 	   9.7882741e-07 	   4.1539654e-08 	               0 	   -0.0059901738 	   -0.0029151918 	   -0.0013580013 	  -0.00060791247 	  -0.00064078763 	  -0.00046828063
361000 	       34.107619 	               0 	               0 	               0 	               0 	               0 	               0 	       34.080011 	   0.00011172662 	   8.8160625e-05 	   2.1018939e-05 	   2.3234588e-06 	   2.2129188e-07 	   2.3024191e-09 	               0 	   -0.0059707177 	    -0.002906721 	   -0.0013538322 	  -0.00060580503 	  -0.00063824092 	  -0.00046611852
362000 	       34.257141 	               0 	               0 	               0 	               0 	               0 	               0 	       34.214782 	   9.0158045e-08 	   6.5361475e-08 	   1.0647469e-08 	   1.4135752e-08 	   1.2992507e-11 	    3.570296e-13 	               0 	   -0.0059527941 	   -0.0028999766 	   -0.0013502501 	  -0.00060372435 	  -0.00063540125 	   -0.0004634418
363000 	       34.407732 	               0 	               0 	               0 	               0 	               0 	               0 	       34.346973 	     9.29129e-05 	   7.2410345e-05 	   1.7768966e-05 	   2.4967786e-06 	   2.2891898e-07 	   7.8911984e-09 	               0 	   -0.0060084917 	   -0.0029233751 	   -0.0013619773 	  -0.00060986926 	  -0.00064308838 	  -0.00047018165
364000 	         34.2557 	               0 	               0 	               0 	               0 	               0 	               0 	       34.175982 	   0.00018958092 	   0.00015367379 	   3.2407796e-05 	   3.0103385e-06 	   4.7303469e-07 	   1.5961096e-08 	               0 	   -0.0059968023 	   -0.0029174112 	   -0.0013592585 	  -0.00060871771 	  -0.00064196577 	  -0.00046944905
365000 	       34.434277 	               0 	               0 	               0 	               0 	               0 	               0 	       34.464249 	   0.00031818668 	   0.00025227313 	   5.8592117e-05 	   6.0884154e-06 	   1.1681151e-06 	   6.4906052e-08 	               0 	   -0.0060033499 	   -0.0029209951 	    -0.001360841 	  -0.00060933086 	  -0.00064248122 	  -0.00046970177
366000 	       34.137754 	               0 	               0 	               0 	               0 	               0 	               0 	       34.199604 	   0.00011069651 	   9.0309458e-05 	   1.8624696e-05 	   1.5795058e-06 	   1.7929988e-07 	   3.5508849e-09 	               0 	   -0.0059902268 	    -0.002914361 	   -0.0013578037 	  -0.00060803007 	  -0.00064119241 	  -0.00046883965
367000 	       33.969221 	               0 	               0 	               0 	               0 	               0 	               0 	       33.966764 	   0.00055208128 	   0.00043758744 	   0.00010177455 	   1.0297176e-05 	   2.3491173e-06 	   7.2997464e-08 	               0 	    -0.005970267 	   -0.0029055781 	   -0.0013535041 	  -0.00060588034 	  -0.00063862303 	  -0.00046668141
368000 	       34.005076 	               0 	               0 	               0 	               0 	               0 	               0 	       33.981825 	   0.00020807295 	   0.00016634509 	   3.7498792e-05 	   3.7075843e-06 	   5.1615377e-07 	   5.3317934e-09 	               0 	   -0.0059537947 	   -0.0028993451 	   -0.0013502038 	  -0.00060397294 	  -0.00063602951 	   -0.0004642433
369000 	       34.039856 	               0 	               0 	               0 	               0 	               0 	               0 	       34.008756 	   0.00016139338 	   0.00012645156 	   3.0608435e-05 	   3.8472427e-06 	   4.7190403e-07 	   1.4239246e-08 	               0 	   -0.0059602412 	   -0.0029028602 	   -0.0013517584 	  -0.00060457822 	  -0.00063654318 	  -0.00046450113
370000 	       34.075712 	               0 	               0 	               0 	               0 	               0 	               0 	        34.10166 	   0.00011049295 	   8.8379994e-05 	   1.9851034e-05 	   2.0673176e-06 	   1.9196595e-07 	   2.6393311e-09 	               0 	   -0.0059657976 	   -0.0029054464 	   -0.0013529899 	   -0.0006051582 	  -0.00063719268 	  -0.00046501044
371000 	       34.062448 	               0 	               0 	               0 	               0 	               0 	               0 	       34.115028 	   0.00032072148 	   0.00026161967 	   5.3379871e-05 	   4.8738706e-06 	   8.4038652e-07 	    7.674685e-09 	               0 	   -0.0059669588 	   -0.0029055515 	   -0.0013531409 	  -0.00060533656 	  -0.00063753126 	  -0.00046539854
372000 	       33.896792 	               0 	               0 	               0 	               0 	               0 	               0 	       34.034201 	    0.0011661475 	   0.00092204359 	   0.00021480709 	   2.2975079e-05 	   6.1460502e-06 	    1.757277e-07 	               0 	   -0.0059525113 	   -0.0028990521 	   -0.0013499938 	  -0.00060379903 	   -0.0006357377 	  -0.00046392878
373000 	       33.730783 	               0 	               0 	               0 	               0 	               0 	               0 	       33.780006 	   4.7204779e-08 	   3.9883474e-08 	   6.3144857e-09 	   1.0019167e-09 	   4.8860136e-12 	   1.6540825e-14 	               0 	   -0.0059360775 	   -0.0028923016 	   -0.0013465708 	  -0.00060196558 	  -0.00063339807 	  -0.00046184144
374000 	       33.564056 	               0 	               0 	               0 	               0 	               0 	               0 	       33.654144 	   0.00010505324 	   8.4098455e-05 	   1.8797856e-05 	   1.9810843e-06 	   1.7452234e-07 	   1.3250657e-09 	               0 	   -0.0059177153 	   -0.0028840098 	   -0.0013425632 	   -0.0006000154 	  -0.00063113301 	  -0.00045999388
375000 	       32.545747 	               0 	               0 	               0 	               0 	               0 	               0 	       33.162216 	   0.00089023643 	   0.00069856848 	   0.00016741138 	   1.9275683e-05 	   4.8166656e-06 	   1.6421646e-07 	               0 	   -0.0058666913 	   -0.0028593827 	   -0.0013310398 	  -0.00059480501 	  -0.00062557827 	  -0.00045588554
376000 	       32.525285 	               0 	               0 	               0 	               0 	               0 	               0 	       32.384464 	   0.00019006222 	   0.00015238248 	   3.4094358e-05 	    3.154433e-06 	   4.2358682e-07 	   7.3590411e-09 	               0 	   -0.0058693641 	   -0.0028610232 	   -0.0013317289 	  -0.00059503183 	  -0.00062570593 	  -0.00045587423
377000 	       33.298678 	               0 	               0 	               0 	               0 	               0 	               0 	       32.998782 	   7.5487816e-05 	   6.2252855e-05 	   1.2299772e-05 	   8.6215936e-07 	   7.2864162e-08 	     1.65238e-10 	               0 	   -0.0058917141 	   -0.0028730504 	   -0.0013370789 	  -0.00059715083 	  -0.00062756123 	  -0.00045687278
378000 	       32.405985 	               0 	               0 	               0 	               0 	               0 	               0 	       33.027653 	   1.7305241e-08 	   1.0406225e-08 	   1.5368083e-09 	   5.3607453e-09 	     1.44928e-12 	   1.3349844e-14 	               0 	   -0.0058448618 	   -0.0028511521 	    -0.001326672 	  -0.00059227213 	   -0.0006221272 	   -0.0004526383
379000 	       33.140236 	               0 	               0 	               0 	               0 	               0 	               0 	       32.995157 	   0.00038397124 	   0.00031012351 	   6.6621309e-05 	   6.1492923e-06 	   1.0716514e-06 	   5.4811041e-09 	               0 	   -0.0058809795 	   -0.0028682118 	   -0.0013347381 	  -0.00059600951 	  -0.00062623297 	  -0.00045578723
380000 	       32.487311 	               0 	               0 	               0 	               0 	               0 	               0 	       32.768487 	   2.9485202e-08 	   2.6027312e-08 	   3.3917688e-09 	   6.3701442e-11 	   2.4195304e-12 	   3.7593514e-16 	               0 	   -0.0058459892 	   -0.0028513125 	   -0.0013268331 	  -0.00059243788 	  -0.00062242884 	  -0.00045297692
381000 	        33.12534 	               0 	               0 	               0 	               0 	               0 	               0 	       32.356123 	   1.2193057e-08 	   1.0492256e-08 	   1.4594631e-09 	   2.4031868e-10 	   1.0174239e-12 	   1.0331063e-15 	               0 	   -0.0059005283 	   -0.0028758182 	    -0.001338707 	  -0.00059824667 	  -0.00062921356 	  -0.00045854291
382000 	       33.852009 	               0 	               0 	               0 	               0 	               0 	               0 	       34.888225 	   0.00018696139 	   0.00014773042 	   3.4818307e-05 	   3.9168419e-06 	   4.9117781e-07 	   4.6477182e-09 	               0 	   -0.0059290096 	    -0.002890674 	   -0.0013454098 	  -0.00060100903 	  -0.00063179728 	   -0.0004601195
383000 	        33.73257 	               0 	               0 	               0 	               0 	               0 	               0 	       33.818258 	   4.2277025e-08 	   3.5654236e-08 	   5.2121593e-09 	   1.4069764e-09 	   3.6520431e-12 	   6.2586942e-16 	               0 	   -0.0059069619 	   -0.0028819008 	   -0.0013408858 	  -0.00059851119 	  -0.00062852622 	  -0.00045713793
384000 	       32.095115 	               0 	               0 	               0 	               0 	               0 	               0 	       32.865317 	   9.4031266e-05 	   7.4369172e-05 	     1.74626e-05 	   2.0359541e-06 	   1.6201482e-07 	    1.523985e-09 	               0 	   -0.0058203675 	   -0.0028405166 	   -0.0013214293 	  -0.00058961423 	  -0.00061890743 	  -0.00044990002
385000 	        40.16238 	               0 	               0 	               0 	               0 	               0 	               0 	       35.561694 	   0.00013477673 	   0.00010699132 	   2.4541431e-05 	     2.95783e-06 	   2.8414579e-07 	   2.0089174e-09 	               0 	   -0.0062807945 	   -0.0030533141 	   -0.0014231109 	  -0.00063787151 	  -0.00067342699 	    -0.000493071
386000 	       37.513958 	               0 	               0 	               0 	               0 	               0 	               0 	          38.402 	   0.00010510677 	   8.3065891e-05 	   1.9372539e-05 	   2.4393839e-06 	   2.2349424e-07 	    5.464498e-09 	               0 	   -0.0061195713 	   -0.0029811423 	    -0.001388079 	  -0.00062066704 	  -0.00065324553 	  -0.00047643747
387000 	       35.693206 	               0 	               0 	               0 	               0 	               0 	               0 	       37.158438 	   0.00088883412 	   0.00069181429 	   0.00017049464 	   2.1331928e-05 	   5.0442498e-06 	   1.4901889e-07 	               0 	   -0.0059976074 	   -0.0029261175 	   -0.0013614708 	  -0.00060770598 	  -0.00063817716 	  -0.00046413604
388000 	       32.798183 	               0 	               0 	               0 	               0 	               0 	               0 	       33.490547 	    8.329114e-05 	   6.7209112e-05 	    1.462682e-05 	   1.3522106e-06 	   1.0217099e-07 	   8.2657151e-10 	               0 	    -0.005814824 	   -0.0028416448 	   -0.0013211022 	  -0.00058854462 	  -0.00061653049 	   -0.0004470018
389000 	       32.428871 	               0 	               0 	               0 	               0 	               0 	               0 	       32.642402 	    7.230674e-05 	   5.8351209e-05 	   1.2596833e-05 	   1.2850718e-06 	   7.3556098e-08 	   6.9348131e-11 	               0 	   -0.0058079684 	   -0.0028370056 	   -0.0013192308 	  -0.00058802091 	  -0.00061640444 	  -0.00044730668
390000 	       32.059535 	               0 	               0 	               0 	               0 	               0 	               0 	         32.2064 	   0.00073615214 	   0.00058740509 	    0.0001335028 	   1.2527153e-05 	   2.7163836e-06 	   7.1798867e-10 	               0 	   -0.0057868597 	    -0.002827316 	   -0.0013145847 	  -0.00058579932 	  -0.00061387395 	  -0.00044528574
391000 	       32.291142 	               0 	               0 	               0 	               0 	               0 	               0 	       32.139388 	   9.3366849e-05 	   7.7378016e-05 	   1.4832521e-05 	   1.0666084e-06 	    8.953853e-08 	   1.6507292e-10 	               0 	   -0.0057846749 	   -0.0028271833 	   -0.0013143152 	  -0.00058545398 	   -0.0006132063 	  -0.00044451617
392000 	       32.768752 	               0 	               0 	               0 	               0 	               0 	               0 	       32.507434 	   0.00017773502 	   0.00014661159 	   2.8580001e-05 	   2.3069896e-06 	   2.3624009e-07 	   1.9859695e-10 	               0 	   -0.0058047655 	    -0.002837856 	   -0.0013190894 	  -0.00058737598 	   -0.0006149384 	  -0.00044550573
393000 	       32.708167 	               0 	               0 	               0 	               0 	               0 	               0 	        32.82633 	    0.0034010756 	    0.0027073918 	   0.00061754089 	   5.8189789e-05 	   1.7900069e-05 	   5.3132219e-08 	               0 	   -0.0057970873 	   -0.0028343945 	   -0.0013174146 	  -0.00058655946 	  -0.00061398856 	  -0.00044473024
394000 	       32.337776 	               0 	               0 	               0 	               0 	               0 	               0 	       32.500729 	    0.0013024353 	    0.0010393531 	   0.00023578519 	   2.1972289e-05 	   5.3187859e-06 	   5.9437664e-09 	               0 	   -0.0057690832 	   -0.0028213677 	   -0.0013112089 	  -0.00058363472 	  -0.00061071153 	  -0.00044216033
395000 	       32.021531 	               0 	               0 	               0 	               0 	               0 	               0 	       32.117933 	    7.193884e-05 	   5.7842288e-05 	    1.265057e-05 	   1.3672467e-06 	   7.8650039e-08 	   8.5669181e-11 	               0 	   -0.0057568235 	   -0.0028159516 	   -0.0013085616 	  -0.00058231617 	  -0.00060914318 	   -0.0004408509
396000 	       32.639309 	               0 	               0 	               0 	               0 	               0 	               0 	       32.427841 	   0.00021489037 	   0.00017622208 	   3.5277246e-05 	   2.9943568e-06 	   3.9458823e-07 	   2.0965967e-09 	               0 	   -0.0057559456 	   -0.0028178585 	   -0.0013089279 	  -0.00058191605 	  -0.00060796059 	  -0.00043928257
397000 	       33.315916 	               0 	               0 	               0 	               0 	               0 	               0 	       33.069973 	   0.00014443766 	   0.00011756329 	   2.4613895e-05 	   2.0752977e-06 	   1.8510676e-07 	   6.9524023e-11 	               0 	   -0.0057626388 	   -0.0028235171 	   -0.0013110266 	  -0.00058227517 	  -0.00060755657 	  -0.00043826339
398000 	       32.934077 	               0 	               0 	               0 	               0 	               0 	               0 	       33.209389 	   0.00014838049 	   0.00012024958 	    2.554623e-05 	    2.379096e-06 	   2.0550179e-07 	   8.2538703e-11 	               0 	   -0.0057294775 	   -0.0028094273 	   -0.0013039998 	  -0.00057863221 	  -0.00060305258 	  -0.00043436558
399000 	       32.365049 	               0 	               0 	               0 	               0 	               0 	               0 	       32.647098 	   1.3513084e-08 	    1.177464e-08 	   1.6179421e-09 	   1.1924538e-10 	   1.2552566e-12 	   7.8059571e-16 	               0 	   -0.0056740908 	   -0.0027846343 	   -0.0012919585 	  -0.00057271569 	  -0.00059611764 	  -0.00042866461
400000 	       31.831144 	               0 	               0 	               0 	               0 	               0 	               0 	       32.093954 	   6.4528418e-05 	   5.2594257e-05 	   1.0929617e-05 	   9.5318608e-07 	   5.1312374e-08 	   4.5089507e-11 	               0 	   -0.0056329491 	   -0.0027660422 	   -0.0012829714 	  -0.00056834403 	  -0.00059104822 	  -0.00042454336
401000 	       31.893511 	               0 	               0 	               0 	               0 	               0 	               0 	       31.844571 	   7.3625334e-05 	   5.9560527e-05 	   1.2773743e-05 	   1.2155554e-06 	   7.5242901e-08 	   2.6470521e-10 	               0 	   -0.0056200317 	   -0.0027616023 	   -0.0012804854 	  -0.00056678283 	  -0.00058880412 	  -0.00042235698
402000 	       32.026181 	               0 	               0 	               0 	               0 	               0 	               0 	       31.967315 	   0.00011769343 	   9.4966994e-05 	   2.0638215e-05 	   1.9372678e-06 	   1.5082471e-07 	   1.2470279e-10 	               0 	    -0.005609975 	   -0.0027589197 	   -0.0012787352 	  -0.00056546224 	  -0.00058669558 	  -0.00042016229
403000 	       31.771974 	               0 	               0 	               0 	               0 	               0 	               0 	       31.931884 	   0.00038111294 	   0.00030579505 	   6.7778713e-05 	   6.4411808e-06 	   1.0936742e-06 	   4.3207488e-09 	               0 	   -0.0055765706 	    -0.002743943 	   -0.0012714655 	  -0.00056189546 	  -0.00058252371 	  -0.00041674297
404000 	       31.275722 	               0 	               0 	               0 	               0 	               0 	               0 	       31.457453 	     0.004312554 	    0.0034373486 	   0.00077656304 	   7.2588946e-05 	   2.4884782e-05 	   1.1685982e-06 	               0 	   -0.0055425072 	   -0.0027291564 	   -0.0012641681 	  -0.00055819199 	   -0.0005780427 	  -0.00041294806
405000 	       32.019645 	               0 	               0 	               0 	               0 	               0 	               0 	       31.342461 	   0.00014287415 	   0.00011604844 	   2.4419096e-05 	   2.2163477e-06 	    1.901453e-07 	   1.2374707e-10 	               0 	   -0.0055637974 	   -0.0027395857 	   -0.0012690133 	  -0.00056034548 	  -0.00058028889 	  -0.00041456413
406000 	       31.862783 	               0 	               0 	               0 	               0 	               0 	               0 	       32.307985 	   8.8341721e-05 	   7.3510335e-05 	   1.3836361e-05 	   9.3238268e-07 	   6.2541317e-08 	   1.0092377e-10 	               0 	   -0.0055440028 	   -0.0027310145 	   -0.0012647774 	  -0.00055819013 	  -0.00057767482 	  -0.00041234591
407000 	       32.069408 	               0 	               0 	               0 	               0 	               0 	               0 	       31.220089 	   0.00010323569 	   8.5209172e-05 	    1.674579e-05 	   1.1950586e-06 	   8.5559986e-08 	   1.1185296e-10 	               0 	   -0.0055330908 	   -0.0027267869 	    -0.001262561 	  -0.00055693406 	  -0.00057600142 	  -0.00041080733
408000 	        30.49253 	               0 	               0 	               0 	               0 	               0 	               0 	        31.83143 	   7.2727908e-05 	   5.8844832e-05 	   1.2505433e-05 	   1.3038598e-06 	      7.3712e-08 	   7.0667283e-11 	               0 	   -0.0054118907 	   -0.0026730547 	    -0.001236321 	  -0.00054390258 	   -0.0005605794 	   -0.0003980331
409000 	       29.724563 	               0 	               0 	               0 	               0 	               0 	               0 	       29.333283 	   1.2207174e-07 	   1.0640754e-07 	   1.5489637e-08 	   1.6895781e-10 	   5.6045858e-12 	   2.8709463e-15 	               0 	   -0.0053157709 	   -0.0026314439 	   -0.0012157423 	  -0.00053342389 	  -0.00054787865 	  -0.00038728221
410000 	       32.609114 	               0 	               0 	               0 	               0 	               0 	               0 	       31.372942 	   0.00013286191 	   0.00010886484 	    2.203776e-05 	   1.8085628e-06 	   1.5061038e-07 	   1.3911764e-10 	               0 	    -0.005636466 	   -0.0027708128 	    -0.001284504 	  -0.00056828843 	   -0.0005899965 	  -0.00042286427
411000 	        31.67463 	               0 	               0 	               0 	               0 	               0 	               0 	       32.609415 	   7.7964137e-05 	   6.4725148e-05 	   1.2367295e-05 	   8.2170792e-07 	   4.9902798e-08 	   8.3475297e-11 	               0 	   -0.0056481123 	   -0.0027713148 	   -0.0012859033 	  -0.00057016773 	  -0.00059365384 	  -0.00042707259
412000 	       28.392204 	               0 	               0 	               0 	               0 	               0 	               0 	       29.681696 	   1.2771726e-08 	   1.1251402e-08 	    1.439744e-09 	   7.9824291e-11 	   7.5641178e-13 	   6.6445791e-17 	               0 	   -0.0053886752 	    -0.002653848 	   -0.0012291705 	  -0.00054262551 	  -0.00056179051 	  -0.00040124071
413000 	       28.356687 	               0 	               0 	               0 	               0 	               0 	               0 	       28.390165 	   0.00034141279 	   0.00027656528 	   5.9174419e-05 	   5.0330655e-06 	   6.3997232e-07 	   5.0395147e-11 	               0 	    -0.005273896 	    -0.002608834 	   -0.0012057163 	  -0.00052947824 	  -0.00054444123 	  -0.00038542618
414000 	       28.404374 	               0 	               0 	               0 	               0 	               0 	               0 	        28.37007 	   0.00013556525 	   0.00011200482 	   2.1943962e-05 	   1.5203622e-06 	   9.6067433e-08 	   4.6242555e-11 	               0 	   -0.0052522952 	   -0.0026007044 	   -0.0012013797 	  -0.00052695354 	  -0.00054101561 	  -0.00038224194
415000 	       28.452062 	               0 	               0 	               0 	               0 	               0 	               0 	       28.490759 	   0.00011878284 	   9.7040574e-05 	   2.0122509e-05 	   1.5293001e-06 	   9.0425995e-08 	   3.3584363e-11 	               0 	   -0.0052490648 	   -0.0025996918 	    -0.001200779 	  -0.00052654763 	  -0.00054040824 	  -0.00038163814
416000 	       28.439517 	               0 	               0 	               0 	               0 	               0 	               0 	       28.422557 	   0.00032856664 	   0.00027520969 	   4.8940318e-05 	   3.9412004e-06 	   4.7525551e-07 	   1.8004941e-10 	               0 	   -0.0052450552 	   -0.0025980781 	   -0.0011999491 	  -0.00052609333 	  -0.00053982128 	  -0.00038111341
417000 	       28.230123 	               0 	               0 	               0 	               0 	               0 	               0 	       28.275446 	   9.2206073e-05 	   7.8159224e-05 	   1.3287703e-05 	   7.1709975e-07 	   4.2038065e-08 	     7.76125e-12 	               0 	   -0.0052282289 	   -0.0025905351 	   -0.0011962844 	  -0.00052429388 	  -0.00053771876 	  -0.00037939676
418000 	       28.026096 	               0 	               0 	               0 	               0 	               0 	               0 	       28.152755 	   0.00068050722 	   0.00055326099 	   0.00011538437 	    1.017001e-05 	   1.6914614e-06 	   3.8550021e-10 	               0 	   -0.0052019923 	   -0.0025792617 	   -0.0011906848 	  -0.00052141969 	  -0.00053421188 	  -0.00037641417
419000 	       28.039001 	               0 	               0 	               0 	               0 	               0 	               0 	       28.082023 	   1.2772231e-08 	   1.1167935e-08 	   1.5864026e-09 	   1.7544977e-11 	   3.4796119e-13 	   9.6858381e-18 	               0 	   -0.0051920766 	   -0.0025753905 	   -0.0011886599 	  -0.00052027886 	  -0.00053270426 	  -0.00037504309
420000 	       28.089199 	               0 	               0 	               0 	               0 	               0 	               0 	       28.035088 	   6.8327939e-05 	   5.6561665e-05 	   1.1035386e-05 	   7.0023693e-07 	   3.0649231e-08 	   2.7486127e-12 	               0 	   -0.0051900202 	   -0.0025747346 	   -0.0011882744 	  -0.00052002168 	  -0.00053232281 	  -0.00037466665
421000 	        28.13904 	               0 	               0 	               0 	               0 	               0 	               0 	       28.107589 	   3.4503512e-08 	   3.0157884e-08 	    4.230007e-09 	   1.1396387e-10 	   1.6570307e-12 	   4.3329294e-16 	               0 	    -0.005192121 	   -0.0025758632 	   -0.0011887759 	  -0.00052022029 	  -0.00053249789 	  -0.00037476363
422000 	       28.155537 	               0 	               0 	               0 	               0 	               0 	               0 	        28.10982 	   0.00026243841 	   0.00022045497 	   3.8679809e-05 	   3.0042018e-06 	   2.9920206e-07 	   2.2616549e-10 	               0 	   -0.0051914322 	   -0.0025756972 	   -0.0011886594 	  -0.00052012664 	  -0.00053234501 	  -0.00037460392
423000 	       28.034343 	               0 	               0 	               0 	               0 	               0 	               0 	       28.114976 	      2.0518e-07 	   1.7805305e-07 	   2.6735906e-08 	   3.8493196e-10 	   6.1182449e-12 	   5.2675046e-16 	               0 	   -0.0051794229 	     -0.00257036 	   -0.0011860542 	  -0.00051883531 	  -0.00053082255 	  -0.00037335089
424000 	          27.911 	               0 	               0 	               0 	               0 	               0 	               0 	        28.05548 	   0.00018091013 	   0.00014909991 	   2.9370195e-05 	   2.2759263e-06 	   1.6406599e-07 	   3.1882132e-11 	               0 	   -0.0051621445 	   -0.0025629654 	   -0.0011823724 	  -0.00051693733 	  -0.00052849893 	  -0.00037137042
425000 	       27.786586 	               0 	               0 	               0 	               0 	               0 	               0 	       27.867292 	   4.5323153e-05 	   3.8814268e-05 	   6.2681523e-06 	   2.3067547e-07 	   1.0053703e-08 	   3.5092056e-12 	               0 	   -0.0051503403 	   -0.0025576714 	   -0.0011798001 	  -0.00051567452 	  -0.00052702485 	  -0.00037016941
426000 	       27.663238 	               0 	               0 	               0 	               0 	               0 	               0 	        27.76411 	   0.00010081554 	   8.3509637e-05 	   1.6134815e-05 	    1.114353e-06 	   5.6712085e-08 	   2.1699263e-11 	               0 	   -0.0051425347 	   -0.0025541017 	    -0.001178083 	  -0.00051484911 	  -0.00052608236 	  -0.00036941845
427000 	       27.538813 	               0 	               0 	               0 	               0 	               0 	               0 	       27.670348 	   0.00088670633 	   0.00072493727 	   0.00014667005 	   1.2910586e-05 	   2.1876315e-06 	    7.944863e-10 	               0 	   -0.0051232265 	   -0.0025458904 	   -0.0011739801 	  -0.00051272018 	  -0.00052346132 	  -0.00036717455
428000 	       27.415116 	               0 	               0 	               0 	               0 	               0 	               0 	       27.511291 	   7.3489184e-05 	   6.1602569e-05 	   1.1285062e-05 	   5.5771599e-07 	   4.3836358e-08 	    9.814593e-28 	               0 	   -0.0051032892 	   -0.0025373931 	   -0.0011697386 	  -0.00051052397 	  -0.00052076333 	  -0.00036487015
429000 	       27.291049 	               0 	               0 	               0 	               0 	               0 	               0 	       27.322266 	   0.00046211978 	   0.00037941183 	   7.5764927e-05 	   6.2409961e-06 	   7.0193871e-07 	   9.0852045e-11 	               0 	    -0.005090808 	   -0.0025319312 	   -0.0011670499 	  -0.00050916898 	  -0.00051914102 	  -0.00036351701
430000 	       27.166989 	               0 	               0 	               0 	               0 	               0 	               0 	       27.237949 	   0.00015233665 	   0.00012682947 	   2.3788655e-05 	   1.6258915e-06 	   9.2631736e-08 	   2.9043576e-13 	               0 	   -0.0050699055 	   -0.0025230801 	   -0.0011626155 	  -0.00050685744 	  -0.00051628524 	   -0.0003610672
431000 	        27.04329 	               0 	               0 	               0 	               0 	               0 	               0 	       27.101302 	   6.8478936e-05 	   5.7183175e-05 	   1.0696093e-05 	   5.8058884e-07 	   1.9079424e-08 	   2.8591847e-14 	               0 	    -0.005051349 	   -0.0025149383 	   -0.0011586123 	  -0.00050484516 	  -0.00051388295 	  -0.00035907027
432000 	       26.919943 	               0 	               0 	               0 	               0 	               0 	               0 	       26.984931 	   0.00011479099 	   9.5166472e-05 	   1.8296142e-05 	    1.263239e-06 	   6.5124213e-08 	   1.1578063e-11 	               0 	   -0.0050445998 	   -0.0025117224 	    -0.001157097 	  -0.00050414939 	  -0.00051312855 	  -0.00035850254
433000 	       26.795524 	               0 	               0 	               0 	               0 	               0 	               0 	        26.79058 	   1.2186181e-08 	   1.0606671e-08 	   1.5643078e-09 	   1.4911255e-11 	    2.911957e-13 	   4.1113696e-17 	               0 	   -0.0050268112 	   -0.0025040154 	   -0.0011532817 	  -0.00050220609 	  -0.00051077972 	  -0.00035652831
434000 	       26.671822 	               0 	               0 	               0 	               0 	               0 	               0 	       26.773575 	   6.7927729e-05 	   5.7141728e-05 	   1.0263567e-05 	   5.0917286e-07 	     1.32579e-08 	    2.702233e-12 	               0 	   -0.0050107443 	   -0.0024970481 	   -0.0011498339 	  -0.00050045142 	  -0.00050866105 	   -0.0003547498
435000 	       26.547757 	               0 	               0 	               0 	               0 	               0 	               0 	        26.66206 	    5.078987e-08 	   4.4425599e-08 	   6.2965152e-09 	   6.6438068e-11 	   1.3181628e-12 	   9.0358572e-18 	               0 	   -0.0049838926 	   -0.0024855701 	   -0.0011441093 	  -0.00049749451 	  -0.00050504227 	  -0.00035167634
436000 	       26.530183 	               0 	               0 	               0 	               0 	               0 	               0 	       26.547831 	   1.0301951e-08 	   8.8886545e-09 	   1.4027449e-09 	   1.0413681e-11 	   1.3817176e-13 	   6.8651991e-20 	               0 	   -0.0049963064 	    -0.002490384 	   -0.0011466419 	  -0.00049893201 	  -0.00050694619 	  -0.00035340231
437000 	       26.557793 	               0 	               0 	               0 	               0 	               0 	               0 	       26.537475 	    0.0001060865 	   9.0685016e-05 	   1.4568137e-05 	   7.8361873e-07 	    4.972206e-08 	   2.2684162e-12 	               0 	   -0.0050011172 	   -0.0024924279 	   -0.0011476646 	   -0.0004994635 	  -0.00050760038 	  -0.00035396083
438000 	       26.586477 	               0 	               0 	               0 	               0 	               0 	               0 	       26.559343 	   5.8110742e-05 	   4.9896487e-05 	   7.8911491e-06 	   3.0886704e-07 	   1.4239025e-08 	   7.2411537e-14 	               0 	    -0.005001632 	   -0.0024927527 	   -0.0011477986 	  -0.00049950523 	  -0.00050762064 	  -0.00035395476
439000 	       26.615161 	               0 	               0 	               0 	               0 	               0 	               0 	       26.660345 	   5.6309138e-05 	   4.7721133e-05 	   8.2664201e-06 	   3.0374081e-07 	   1.7844877e-08 	    2.505125e-29 	               0 	   -0.0049969698 	    -0.002490967 	   -0.0011468527 	   -0.0004989623 	  -0.00050689523 	  -0.00035329257
440000 	       26.642772 	               0 	               0 	               0 	               0 	               0 	               0 	        26.64467 	   8.1679111e-06 	   6.9091401e-06 	   1.2316577e-06 	   2.6668271e-08 	   4.4497961e-10 	   1.7235236e-14 	               0 	   -0.0049995338 	    -0.002492108 	   -0.0011474097 	   -0.0004992382 	  -0.00050721966 	  -0.00035355815
441000 	       26.671455 	               0 	               0 	               0 	               0 	               0 	               0 	       26.663385 	   4.5274201e-05 	   3.8737029e-05 	   6.2893374e-06 	   2.3640502e-07 	   1.1426502e-08 	   2.6159307e-12 	               0 	   -0.0049997865 	   -0.0024924319 	   -0.0011475136 	   -0.0004992352 	  -0.00050715255 	  -0.00035345325
442000 	       26.700141 	               0 	               0 	               0 	               0 	               0 	               0 	       26.717888 	   0.00016992186 	   0.00014094105 	   2.6872925e-05 	   1.9829839e-06 	   1.2485526e-07 	   4.7645113e-11 	               0 	   -0.0049978847 	   -0.0024918281 	   -0.0011471566 	  -0.00049899589 	  -0.00050679821 	  -0.00035310593
443000 	       26.728108 	               0 	               0 	               0 	               0 	               0 	               0 	       26.711779 	   5.5099246e-05 	   4.6194497e-05 	   8.5083449e-06 	   3.8347389e-07 	   1.2930344e-08 	   2.7742646e-13 	               0 	   -0.0049983075 	   -0.0024921357 	   -0.0011472761 	  -0.00049902431 	  -0.00050679571 	   -0.0003530757
444000 	       26.744604 	               0 	               0 	               0 	               0 	               0 	               0 	       26.734466 	   6.1434097e-05 	   5.1601447e-05 	   9.3491252e-06 	   4.6902843e-07 	   1.4491989e-08 	   4.6011182e-12 	               0 	   -0.0049971329 	   -0.0024917608 	   -0.0011470551 	  -0.00049887676 	  -0.00050657775 	  -0.00035286242
445000 	       26.294619 	               0 	               0 	               0 	               0 	               0 	               0 	       26.540299 	   0.00024036411 	   0.00019899669 	   3.8158082e-05 	   2.9750315e-06 	   2.3425752e-07 	   5.2216145e-11 	               0 	   -0.0049655482 	   -0.0024771241 	   -0.0011400582 	   -0.0004955605 	   -0.0005028533 	  -0.00034995207
446000 	       26.043975 	               0 	               0 	               0 	               0 	               0 	               0 	       26.153581 	   0.00010418831 	    8.749467e-05 	   1.5724162e-05 	   9.3428882e-07 	   3.5191998e-08 	   9.5783644e-13 	               0 	   -0.0049270335 	   -0.0024605156 	   -0.0011318111 	  -0.00049133759 	  -0.00049773005 	  -0.00034563916
447000 	       26.112104 	               0 	               0 	               0 	               0 	               0 	               0 	       26.040731 	   4.7694545e-06 	   4.1005369e-06 	   6.6272472e-07 	   6.0462757e-09 	   1.4655727e-10 	   4.6035411e-15 	               0 	   -0.0049237538 	   -0.0024593235 	   -0.0011311598 	  -0.00049094586 	  -0.00049718953 	  -0.00034513509
448000 	        26.18023 	               0 	               0 	               0 	               0 	               0 	               0 	       26.157478 	    0.0008787146 	   0.00073263901 	   0.00013353537 	   1.1234898e-05 	   1.3053046e-06 	   1.9087592e-11 	               0 	     -0.00493792 	   -0.0024651934 	   -0.0011341386 	  -0.00049253386 	  -0.00049918607 	  -0.00034686805
449000 	       26.247637 	               0 	               0 	               0 	               0 	               0 	               0 	       26.128477 	   7.3354759e-05 	   6.3016826e-05 	    9.894609e-06 	   4.2723553e-07 	   1.6082962e-08 	   5.3393538e-12 	               0 	   -0.0049468233 	   -0.0024690511 	   -0.0011360493 	  -0.00049350746 	  -0.00050036182 	  -0.00034785362
450000 	       26.172345 	               0 	               0 	               0 	               0 	               0 	               0 	       26.284388 	   3.2756626e-08 	   2.8212109e-08 	    4.512654e-09 	   3.1425623e-11 	   4.3740946e-13 	   4.7085245e-18 	               0 	   -0.0049403242 	   -0.0024661589 	    -0.001134637 	  -0.00049280774 	  -0.00049953933 	  -0.00034718126
451000 	       26.058686 	               0 	               0 	               0 	               0 	               0 	               0 	       26.144786 	   5.8708835e-05 	   4.9345362e-05 	   8.9190855e-06 	   4.3049397e-07 	   1.3892788e-08 	   1.9916631e-13 	               0 	    -0.004929858 	   -0.0024615245 	   -0.0011323678 	  -0.00049167747 	  -0.00049820387 	  -0.00034608436
452000 	       26.019954 	               0 	               0 	               0 	               0 	               0 	               0 	       26.040448 	   0.00013859862 	   0.00011579959 	    2.133114e-05 	   1.4077527e-06 	   6.0119206e-08 	   1.6142719e-11 	               0 	   -0.0049222131 	   -0.0024583064 	   -0.0011307487 	  -0.00049082772 	  -0.00049715002 	  -0.00034518024
453000 	        26.02605 	               0 	               0 	               0 	               0 	               0 	               0 	       26.033097 	   0.00031300451 	      0.00026822 	   4.1458954e-05 	   2.8911916e-06 	   4.3436717e-07 	               0 	               0 	   -0.0049114098 	   -0.0024539675 	   -0.0011285084 	  -0.00048959659 	  -0.00049556281 	  -0.00034377443
454000 	        26.03322 	               0 	               0 	               0 	               0 	               0 	               0 	       26.009579 	   7.4836067e-05 	   6.3516744e-05 	   1.0810384e-05 	   4.9142819e-07 	   1.7498493e-08 	   1.2706629e-11 	               0 	   -0.0049088172 	   -0.0024530134 	   -0.0011279908 	   -0.0004892885 	  -0.00049514101 	   -0.0003433835
455000 	       26.040392 	               0 	               0 	               0 	               0 	               0 	               0 	       26.122661 	   1.7838649e-08 	    1.560599e-08 	   2.2077293e-09 	   2.4518683e-11 	   4.1066661e-13 	   1.4639996e-17 	               0 	   -0.0049048815 	   -0.0024514065 	   -0.0011271685 	  -0.00048884366 	  -0.00049457506 	  -0.00034288781
456000 	       26.046487 	               0 	               0 	               0 	               0 	               0 	               0 	       26.055835 	   6.9384006e-09 	   6.0339885e-09 	   8.9661355e-10 	   7.6629671e-12 	   1.3559775e-13 	   1.3229467e-17 	               0 	   -0.0049069024 	   -0.0024522751 	   -0.0011276007 	  -0.00048906581 	  -0.00049484529 	  -0.00034311558
457000 	       26.053659 	               0 	               0 	               0 	               0 	               0 	               0 	       26.033101 	   0.00025074524 	   0.00021286859 	   3.5246496e-05 	   2.4499343e-06 	   1.8017223e-07 	   4.9960136e-11 	               0 	   -0.0049096377 	   -0.0024534106 	   -0.0011281765 	  -0.00048937226 	  -0.00049522984 	  -0.00034344857
458000 	        26.06083 	               0 	               0 	               0 	               0 	               0 	               0 	       26.011089 	    0.0023212008 	    0.0019589325 	    0.0003272038 	   2.9279648e-05 	   5.7811857e-06 	   3.6125396e-09 	               0 	   -0.0049119023 	   -0.0024543339 	   -0.0011286493 	  -0.00048962837 	  -0.00049555606 	  -0.00034373459
459000 	       26.066925 	               0 	               0 	               0 	               0 	               0 	               0 	       26.012041 	   4.6342787e-05 	   3.9985925e-05 	   6.1415783e-06 	   2.0635047e-07 	   8.9313707e-09 	   2.2761075e-12 	               0 	   -0.0049178562 	   -0.0024568007 	   -0.0011299014 	  -0.00049029604 	   -0.0004963954 	  -0.00034446268
460000 	       26.074096 	               0 	               0 	               0 	               0 	               0 	               0 	       26.166075 	   0.00012790243 	   0.00010817527 	   1.8621349e-05 	   1.0798943e-06 	   2.5914035e-08 	   1.8113609e-12 	               0 	   -0.0049215111 	   -0.0024582875 	   -0.0011306636 	  -0.00049070983 	  -0.00049692353 	  -0.00034492667
461000 	       26.042902 	               0 	               0 	               0 	               0 	               0 	               0 	       26.075704 	   0.00054759583 	   0.00045283199 	   8.6824106e-05 	   7.2061321e-06 	   7.3321325e-07 	   3.9563819e-10 	               0 	   -0.0049199879 	   -0.0024575363 	   -0.0011303157 	  -0.00049055636 	  -0.00049676514 	   -0.0003448144
462000 	       25.980872 	               0 	               0 	               0 	               0 	               0 	               0 	        25.94518 	   0.00033905544 	   0.00028530073 	   4.9878578e-05 	   3.6542859e-06 	    2.218472e-07 	    3.410427e-12 	               0 	   -0.0049138293 	   -0.0024548096 	   -0.0011289803 	  -0.00048989107 	  -0.00049597915 	  -0.00034416917
463000 	       25.918482 	               0 	               0 	               0 	               0 	               0 	               0 	       25.948562 	    0.0018496455 	     0.001564895 	   0.00026107038 	   2.2050658e-05 	   1.6294576e-06 	    4.208205e-11 	               0 	   -0.0049076449 	   -0.0024520855 	   -0.0011276426 	  -0.00048922094 	  -0.00049518328 	  -0.00034351269
464000 	       25.855734 	               0 	               0 	               0 	               0 	               0 	               0 	       25.979999 	    0.0021975619 	    0.0018229915 	   0.00034035551 	   2.9764241e-05 	   4.4452253e-06 	    5.402719e-09 	               0 	   -0.0049007073 	   -0.0024490585 	   -0.0011261485 	  -0.00048846495 	  -0.00049427689 	  -0.00034275857
465000 	       25.793704 	               0 	               0 	               0 	               0 	               0 	               0 	        25.79041 	   6.3035031e-08 	   5.4203552e-08 	   8.7628985e-09 	   6.7321217e-11 	   1.2583944e-12 	   6.9220565e-16 	               0 	   -0.0048950518 	   -0.0024465909 	   -0.0011249304 	  -0.00048784862 	  -0.00049353797 	   -0.0003421439
466000 	       25.731675 	               0 	               0 	               0 	               0 	               0 	               0 	       25.841073 	   6.9545361e-05 	   5.9349612e-05 	   9.7937158e-06 	   3.8805657e-07 	   1.3970192e-08 	   6.1935778e-12 	               0 	   -0.0048878809 	    -0.002443458 	   -0.0011233849 	  -0.00048706768 	  -0.00049260301 	  -0.00034136725
467000 	       24.336171 	               0 	               0 	               0 	               0 	               0 	               0 	       25.229977 	   7.7806953e-07 	   6.6938915e-07 	   1.0753173e-07 	   1.1301354e-09 	   1.8511274e-11 	    1.945609e-17 	               0 	   -0.0047406652 	   -0.0023780548 	   -0.0010913932 	  -0.00047117871 	  -0.00047391445 	  -0.00032612403
468000 	       22.846324 	               0 	               0 	               0 	               0 	               0 	               0 	       23.141045 	   7.6040882e-05 	   6.4763817e-05 	   1.0801717e-05 	   4.6236593e-07 	   1.2981883e-08 	               0 	               0 	   -0.0045778567 	   -0.0023051323 	   -0.0010558405 	  -0.00045365868 	  -0.00045351474 	  -0.00030971035
469000 	        26.31759 	               0 	               0 	               0 	               0 	               0 	               0 	       25.216004 	   0.00018490216 	   0.00015623081 	    2.679817e-05 	   1.7824603e-06 	   9.0706595e-08 	   2.0844891e-11 	               0 	   -0.0049246133 	   -0.0024609654 	   -0.0011316362 	  -0.00049085662 	  -0.00049670742 	  -0.00034444754
470000 	       26.970631 	               0 	               0 	               0 	               0 	               0 	               0 	       25.769367 	   9.1849242e-05 	   7.6935168e-05 	    1.406122e-05 	   8.1998378e-07 	    3.285607e-08 	   1.3292725e-11 	               0 	   -0.0049845624 	   -0.0024874376 	   -0.0011446175 	  -0.00049734167 	  -0.00050439114 	   -0.0003507744
471000 	       24.989892 	               0 	               0 	               0 	               0 	               0 	               0 	       24.479203 	   9.9379839e-05 	   8.3452734e-05 	   1.5074894e-05 	    8.258671e-07 	   2.6343768e-08 	   4.1814838e-13 	               0 	   -0.0047825085 	   -0.0023975554 	   -0.0011006964 	  -0.00047556391 	  -0.00047879907 	  -0.00032989373
472000 	       23.474928 	               0 	               0 	               0 	               0 	               0 	               0 	       24.266779 	   8.2457591e-05 	   7.2218223e-05 	    9.877873e-06 	   3.5817433e-07 	   3.3211165e-09 	               0 	               0 	   -0.0046585363 	   -0.0023408424 	   -0.0010733684 	  -0.00046240956 	  -0.00046382601 	  -0.00031809004
473000 	       22.923933 	               0 	               0 	               0 	               0 	               0 	               0 	        25.34093 	    4.366617e-08 	   3.6522309e-08 	   7.1137697e-09 	   2.9667886e-11 	   4.2239352e-13 	     4.16421e-16 	               0 	   -0.0046412986 	    -0.002332155 	   -0.0010693872 	  -0.00046069897 	  -0.00046212096 	  -0.00031693658
474000 	       24.762632 	               0 	               0 	               0 	               0 	               0 	               0 	       25.957134 	   6.3499396e-05 	   5.3775371e-05 	   9.2547016e-06 	   4.5333881e-07 	   1.5978447e-08 	   5.8308132e-12 	               0 	   -0.0047802795 	   -0.0023969488 	   -0.0011002989 	  -0.00047526677 	   -0.0004783358 	  -0.00032942924
475000 	       26.938323 	               0 	               0 	               0 	               0 	               0 	               0 	       25.180986 	    1.789606e-07 	   1.4850175e-07 	   3.0344818e-08 	   1.1257669e-10 	    1.449528e-12 	   2.7342131e-16 	               0 	   -0.0049659958 	   -0.0024808473 	    -0.001140968 	  -0.00049510203 	  -0.00050125719 	   -0.0003478213
476000 	       28.399404 	               0 	               0 	               0 	               0 	               0 	               0 	       26.626535 	   6.7882569e-05 	   5.6716895e-05 	   1.0498268e-05 	   6.3942417e-07 	   2.7962744e-08 	   1.9133883e-11 	               0 	    -0.005084477 	   -0.0025339366 	   -0.0011667965 	  -0.00050780342 	  -0.00051608031 	  -0.00035986015
477000 	       24.722589 	               0 	               0 	               0 	               0 	               0 	               0 	       27.159966 	   0.00010345501 	   8.6213003e-05 	   1.6137368e-05 	   1.0554431e-06 	   4.9047809e-08 	   1.4375224e-10 	               0 	   -0.0047942612 	   -0.0024028443 	   -0.0011032663 	  -0.00047682305 	  -0.00048025948 	  -0.00033106804
478000 	       24.894753 	               0 	               0 	               0 	               0 	               0 	               0 	       24.750334 	   5.7725025e-05 	   4.8848939e-05 	   8.5155368e-06 	   3.5515978e-07 	   5.3886675e-09 	   4.0500415e-13 	               0 	   -0.0047725271 	   -0.0023941896 	   -0.0010987688 	  -0.00047432849 	  -0.00047702956 	  -0.00032821057
479000 	       25.065467 	               0 	               0 	               0 	               0 	               0 	               0 	       25.001731 	   0.00012552571 	   0.00010532207 	   1.8981318e-05 	   1.1812962e-06 	   4.1028816e-08 	   4.1415335e-12 	               0 	   -0.0047795824 	   -0.0023976913 	   -0.0011003859 	  -0.00047503645 	  -0.00047775279 	  -0.00032871594
480000 	       25.109568 	               0 	               0 	               0 	               0 	               0 	               0 	       25.130831 	   5.1784061e-05 	   4.3841651e-05 	   7.6159298e-06 	   3.1797135e-07 	   8.5068258e-09 	   1.4961326e-12 	               0 	   -0.0047800742 	   -0.0023980687 	   -0.0011005288 	  -0.00047506615 	  -0.00047774055 	  -0.00032866997
481000 	       24.924669 	               0 	               0 	               0 	               0 	               0 	               0 	       25.111298 	   5.5886429e-05 	   4.6891633e-05 	   8.5732969e-06 	   4.1181606e-07 	   9.6762301e-09 	   6.7139343e-12 	               0 	   -0.0047632002 	   -0.0023904677 	   -0.0010968364 	  -0.00047325861 	  -0.00047564707 	  -0.00032699049
482000 	       24.524368 	               0 	               0 	               0 	               0 	               0 	               0 	       24.382247 	   0.00014507166 	   0.00012198641 	   2.1653865e-05 	   1.3823902e-06 	   4.8948014e-08 	   4.2295955e-11 	               0 	   -0.0047136408 	   -0.0023687222 	   -0.0010861196 	  -0.00046786156 	  -0.00046922551 	  -0.00032171192
483000 	       24.410417 	               0 	               0 	               0 	               0 	               0 	               0 	       24.718452 	   6.9730627e-05 	   5.8838138e-05 	    1.038503e-05 	   4.9620625e-07 	   1.1251304e-08 	   1.3001425e-12 	               0 	   -0.0047088836 	   -0.0023664304 	   -0.0010850446 	  -0.00046737375 	  -0.00046870526 	  -0.00032132958
484000 	       26.577705 	               0 	               0 	               0 	               0 	               0 	               0 	        27.35068 	   3.2904997e-08 	   2.8453589e-08 	   4.4072773e-09 	   4.3191638e-11 	   9.3569088e-13 	   2.9361805e-15 	               0 	   -0.0049307034 	   -0.0024656523 	   -0.0011334139 	  -0.00049122665 	  -0.00049655072 	  -0.00034385993
485000 	        27.68018 	               0 	               0 	               0 	               0 	               0 	               0 	        25.82892 	   8.2381768e-05 	   6.9906129e-05 	   1.1872085e-05 	   5.8680153e-07 	   1.6721191e-08 	   3.1911191e-11 	               0 	   -0.0050243172 	   -0.0025066446 	   -0.0011536059 	   -0.0005014037 	  -0.00050871143 	  -0.00035395157
486000 	       25.239488 	               0 	               0 	               0 	               0 	               0 	               0 	       25.119193 	   1.8385926e-08 	   1.5646808e-08 	   2.7259911e-09 	   1.2898672e-11 	   2.2759777e-13 	   1.9099557e-16 	               0 	   -0.0048195143 	   -0.0024145989 	   -0.0011088768 	  -0.00047947089 	  -0.00048321396 	  -0.00033335378
487000 	       22.924274 	               0 	               0 	               0 	               0 	               0 	               0 	       25.224657 	   6.9514069e-05 	   5.8496182e-05 	   1.0496463e-05 	   5.0924936e-07 	   1.2167035e-08 	   7.5361283e-12 	               0 	   -0.0046254519 	    -0.002326347 	   -0.0010662155 	  -0.00045880034 	  -0.00045952826 	  -0.00031456071
488000 	       24.414186 	               0 	               0 	               0 	               0 	               0 	               0 	       25.267449 	   7.0398214e-05 	   6.1208505e-05 	   8.8878831e-06 	    2.991697e-07 	    2.655686e-09 	   8.0897747e-13 	               0 	   -0.0047513486 	   -0.0023840222 	   -0.0010939925 	  -0.00047215256 	  -0.00047469697 	   -0.0003264844
489000 	       25.877273 	               0 	               0 	               0 	               0 	               0 	               0 	       23.555158 	   8.5192934e-05 	   7.2250698e-05 	   1.2272042e-05 	   6.2443179e-07 	   4.5762192e-08 	               0 	               0 	   -0.0048531793 	   -0.0024303151 	    -0.001116366 	  -0.00048299338 	  -0.00048713074 	  -0.00033637408
490000 	       23.562031 	               0 	               0 	               0 	               0 	               0 	               0 	       25.085022 	   0.00017803597 	   0.00014881212 	   2.7182446e-05 	   1.9385665e-06 	   1.0275061e-07 	   9.3453746e-11 	               0 	   -0.0046520126 	    -0.002340048 	   -0.0010724208 	  -0.00046138915 	  -0.00046200729 	  -0.00031614732
491000 	       25.953215 	               0 	               0 	               0 	               0 	               0 	               0 	       26.604372 	   6.6922319e-05 	   5.5926376e-05 	   1.0358788e-05 	   6.1263349e-07 	   2.4463449e-08 	    5.813502e-11 	               0 	   -0.0048622097 	     -0.00243571 	   -0.0011186437 	   -0.0004837659 	  -0.00048762763 	  -0.00033646249
492000 	       27.896405 	               0 	               0 	               0 	               0 	               0 	               0 	       26.102429 	   8.6647415e-05 	   7.3479352e-05 	    1.251393e-05 	   6.3924312e-07 	    1.487122e-08 	    1.831289e-11 	               0 	   -0.0050340275 	   -0.0025116567 	   -0.0011558754 	   -0.0005023499 	  -0.00050961633 	  -0.00035452919
493000 	       23.171106 	               0 	               0 	               0 	               0 	               0 	               0 	       24.545264 	   6.2700176e-08 	   5.2716147e-08 	    9.937861e-09 	   4.5370249e-11 	   7.9731814e-13 	   2.7695121e-16 	               0 	   -0.0046642542 	   -0.0023433365 	   -0.0010746018 	  -0.00046303474 	  -0.00046457391 	  -0.00031870723
494000 	       23.308356 	               0 	               0 	               0 	               0 	               0 	               0 	       23.831482 	   4.7618416e-05 	   4.0474348e-05 	   6.8876581e-06 	   2.5304175e-07 	   3.3685308e-09 	   4.5374377e-14 	               0 	   -0.0046431261 	   -0.0023355474 	   -0.0010703634 	   -0.0004605105 	  -0.00046113864 	  -0.00031556623
495000 	       23.163529 	               0 	               0 	               0 	               0 	               0 	               0 	       22.292753 	   0.00010666476 	   9.2095094e-05 	   1.3943116e-05 	   6.2277342e-07 	   3.7790743e-09 	               0 	               0 	   -0.0045870034 	   -0.0023113655 	   -0.0010583142 	   -0.0004543208 	  -0.00045365474 	   -0.0003093482
496000 	       25.545571 	               0 	               0 	               0 	               0 	               0 	               0 	       22.844557 	    0.0028890031 	    0.0025664568 	   0.00029211106 	   2.8429687e-05 	    2.005554e-06 	               0 	               0 	   -0.0047756159 	   -0.0023974159 	   -0.0010998599 	  -0.00047438827 	  -0.00047655024 	  -0.00032740161
497000 	       25.005104 	               0 	               0 	               0 	               0 	               0 	               0 	       26.091566 	    6.087273e-05 	   5.1279722e-05 	   9.1225213e-06 	   4.5519178e-07 	   1.5244639e-08 	   5.0120966e-11 	               0 	     -0.00477668 	   -0.0023975207 	   -0.0011000081 	  -0.00047455769 	  -0.00047685837 	  -0.00032773522
498000 	        27.71811 	               0 	               0 	               0 	               0 	               0 	               0 	       26.697598 	   4.4725037e-08 	   3.8481625e-08 	   6.1981012e-09 	   4.4333544e-11 	   9.7399878e-13 	   2.5543884e-15 	               0 	   -0.0050226747 	   -0.0025072363 	   -0.0011535544 	  -0.00050103716 	  -0.00050788339 	  -0.00035296351
499000 	       23.802581 	               0 	               0 	               0 	               0 	               0 	               0 	       24.912572 	   0.00013832415 	   0.00011720525 	   1.9889336e-05 	   1.1849056e-06 	   4.4642474e-08 	   1.6002317e-11 	               0 	   -0.0046928028 	   -0.0023582271 	   -0.0010813084 	  -0.00046579276 	  -0.00046716121 	  -0.00032031336
500000 	       24.259069 	               0 	               0 	               0 	               0 	               0 	               0 	       24.315809 	   9.9107746e-05 	   8.4498403e-05 	   1.3908189e-05 	   6.8769833e-07 	    1.345556e-08 	   3.3195871e-13 	               0 	   -0.0047238401 	   -0.0023724346 	   -0.0010881536 	    -0.000469086 	  -0.00047090593 	  -0.00032325992
501000 	       24.222137 	               0 	               0 	               0 	               0 	               0 	               0 	       24.224428 	   1.7946292e-07 	   1.5528407e-07 	   2.4049634e-08 	   1.2260127e-10 	   6.6139271e-12 	               0 	               0 	   -0.0046965766 	   -0.0023611301 	   -0.0010824049 	  -0.00046601786 	  -0.00046706344 	   -0.0003199602
502000 	        24.18628 	               0 	               0 	               0 	               0 	               0 	               0 	       24.191342 	    0.0011979001 	    0.0010473399 	   0.00013738325 	    1.126563e-05 	   1.9112807e-06 	   1.1372047e-51 	               0 	   -0.0046821425 	   -0.0023551326 	   -0.0010793575 	   -0.0004643944 	  -0.00046503478 	  -0.00031822319
503000 	        24.14935 	               0 	               0 	               0 	               0 	               0 	               0 	        24.14516 	   9.4345852e-05 	   8.0643167e-05 	   1.2929269e-05 	   7.0639613e-07 	   6.7015291e-08 	   4.7830207e-12 	               0 	   -0.0046736551 	   -0.0023515129 	   -0.0010775444 	  -0.00046345344 	  -0.00046388566 	  -0.00031725873
504000 	       24.113495 	               0 	               0 	               0 	               0 	               0 	               0 	        24.14147 	   6.9678528e-05 	   5.8886465e-05 	   1.0293815e-05 	   4.8848438e-07 	    9.762527e-09 	   1.8497816e-12 	               0 	   -0.0046675561 	   -0.0023489125 	   -0.0010762416 	  -0.00046277704 	  -0.00046305951 	  -0.00031656549
505000 	       24.143966 	               0 	               0 	               0 	               0 	               0 	               0 	       24.252046 	   6.5947131e-05 	   5.6701749e-05 	   8.9116898e-06 	   3.3115272e-07 	   2.5390927e-09 	   8.4522561e-14 	               0 	   -0.0046683116 	   -0.0023493492 	   -0.0010764286 	   -0.0004628436 	  -0.00046310786 	  -0.00031658226
506000 	       24.223569 	               0 	               0 	               0 	               0 	               0 	               0 	       24.206896 	    0.0001575641 	   0.00013645949 	   2.0127658e-05 	   9.6900846e-07 	   7.9365545e-09 	               0 	               0 	   -0.0046752842 	   -0.0023525493 	   -0.0010779689 	  -0.00046358278 	  -0.00046394537 	  -0.00031723778
507000 	       24.087683 	               0 	               0 	               0 	               0 	               0 	               0 	       24.251822 	   0.00026691615 	    0.0002336645 	   3.1059578e-05 	   1.9829511e-06 	   2.0911988e-07 	               0 	               0 	   -0.0046656843 	   -0.0023481987 	   -0.0010758605 	  -0.00046255677 	  -0.00046276629 	  -0.00031630204
508000 	       18.896601 	               0 	               0 	               0 	               0 	               0 	               0 	       22.104897 	   0.00015036936 	   0.00013190347 	   1.7361776e-05 	   1.0082948e-06 	    9.582239e-08 	               0 	               0 	   -0.0042749722 	   -0.0021649726 	   -0.0009885811 	  -0.00042163527 	  -0.00041764969 	  -0.00028213348
509000 	       13.823245 	               0 	               0 	               0 	               0 	               0 	               0 	        15.74023 	   6.4011112e-05 	   5.8026931e-05 	   5.9151741e-06 	   6.8743068e-08 	   2.6352565e-10 	               0 	               0 	   -0.0040102419 	   -0.0020274271 	  -0.00092648635 	  -0.00039595685 	  -0.00039339888 	  -0.00026697277
510000 	       29.906676 	               0 	               0 	               0 	               0 	               0 	               0 	       17.726212 	   0.00019097224 	   0.00017048323 	   1.9444279e-05 	   1.0070369e-06 	   3.7699399e-08 	               0 	               0 	   -0.0049758298 	   -0.0024954312 	   -0.0011454415 	  -0.00049467736 	  -0.00049771006 	  -0.00034256973
511000 	       29.642126 	               0 	               0 	               0 	               0 	               0 	               0 	       29.097319 	   0.00055532125 	   0.00045086475 	    9.451096e-05 	     8.33017e-06 	   1.6071872e-06 	    8.183675e-09 	               0 	   -0.0052049214 	   -0.0025894246 	   -0.0011933957 	  -0.00052049008 	  -0.00053043491 	  -0.00037117615
512000 	       29.219792 	               0 	               0 	               0 	               0 	               0 	               0 	        29.51179 	   7.3755479e-05 	   6.0850852e-05 	   1.1899456e-05 	   9.4939024e-07 	   5.5537214e-08 	   2.4315797e-10 	               0 	   -0.0052234638 	   -0.0025949966 	   -0.0011967959 	  -0.00052286125 	  -0.00053403556 	  -0.00037477447
513000 	       28.984166 	               0 	               0 	               0 	               0 	               0 	               0 	       29.014031 	   0.00023530384 	   0.00019649159 	   3.5796625e-05 	   2.7375829e-06 	   2.7616091e-07 	   1.8821818e-09 	               0 	   -0.0052087313 	   -0.0025881863 	   -0.0011935378 	   -0.0005213135 	  -0.00053229079 	  -0.00037340294
514000 	       28.984166 	               0 	               0 	               0 	               0 	               0 	               0 	       28.986438 	    0.0019356705 	     0.001590655 	   0.00031004847 	   2.6974031e-05 	   7.6781122e-06 	   3.1484902e-07 	               0 	    -0.005200504 	   -0.0025848884 	   -0.0011918364 	  -0.00052037796 	   -0.0005310798 	   -0.0003723214
515000 	       28.984166 	               0 	               0 	               0 	               0 	               0 	               0 	       28.977019 	   0.00010459525 	   8.4955843e-05 	   1.7656819e-05 	   1.8438369e-06 	   1.3816819e-07 	   5.8006555e-10 	               0 	   -0.0051917867 	   -0.0025813928 	   -0.0011900332 	  -0.00051938674 	  -0.00052979728 	  -0.00037117667
516000 	       28.984166 	               0 	               0 	               0 	               0 	               0 	               0 	       28.977305 	   0.00011448215 	    9.387188e-05 	   1.8401145e-05 	    2.034787e-06 	   1.7192947e-07 	   2.4101673e-09 	               0 	   -0.0051854094 	    -0.002578817 	   -0.0011887096 	  -0.00051866409 	  -0.00052886766 	    -0.000370351
517000 	       28.984166 	               0 	               0 	               0 	               0 	               0 	               0 	       28.946344 	   0.00011267588 	   9.2746213e-05 	   1.8289254e-05 	    1.526581e-06 	   1.1346497e-07 	    3.654403e-10 	               0 	   -0.0051839153 	   -0.0025782701 	   -0.0011884127 	  -0.00051848678 	  -0.00052862337 	  -0.00037012231
518000 	        28.95477 	               0 	               0 	               0 	               0 	               0 	               0 	       28.936119 	   6.7702542e-05 	   5.5708845e-05 	   1.1079937e-05 	    8.721449e-07 	   4.1607258e-08 	   8.5438973e-12 	               0 	   -0.0051835362 	   -0.0025781458 	   -0.0011883408 	  -0.00051843976 	  -0.00052855462 	  -0.00037005527
519000 	       28.872301 	               0 	               0 	               0 	               0 	               0 	               0 	       28.904756 	   5.9016988e-05 	   4.9790129e-05 	   8.7609559e-06 	   4.5140417e-07 	   1.4493925e-08 	   5.2639736e-12 	               0 	    -0.005176414 	   -0.0025750372 	   -0.0011868083 	  -0.00051766537 	  -0.00052762504 	  -0.00036927811
520000 	       28.789831 	               0 	               0 	               0 	               0 	               0 	               0 	       28.775322 	   0.00010326054 	   8.4980006e-05 	   1.6799911e-05 	   1.3914892e-06 	   8.9125776e-08 	   1.0127072e-11 	               0 	   -0.0051677646 	   -0.0025712532 	   -0.0011849452 	  -0.00051672611 	  -0.00052650023 	  -0.00036833992
521000 	       28.707363 	               0 	               0 	               0 	               0 	               0 	               0 	        28.75751 	    1.906447e-08 	   1.6507486e-08 	   2.4885643e-09 	   6.7918174e-11 	   5.0073772e-13 	   1.8060052e-16 	               0 	    -0.005167774 	   -0.0025710986 	   -0.0011849102 	  -0.00051674958 	  -0.00052657578 	  -0.00036843983
522000 	       28.623818 	               0 	               0 	               0 	               0 	               0 	               0 	        28.67191 	   1.6961326e-08 	   1.5192296e-08 	   1.7472503e-09 	   2.1375805e-11 	   4.0373829e-13 	   2.1767401e-16 	               0 	   -0.0051576898 	   -0.0025667453 	   -0.0011827515 	  -0.00051564617 	  -0.00052523702 	  -0.00036730981
523000 	       28.593337 	               0 	               0 	               0 	               0 	               0 	               0 	       28.561138 	   0.00042423585 	   0.00034893351 	   6.8816973e-05 	    5.708376e-06 	   7.7606995e-07 	   9.2078197e-10 	               0 	   -0.0051493986 	   -0.0025633153 	   -0.0011810113 	  -0.00051471771 	  -0.00052406634 	  -0.00036628798
524000 	        28.57003 	               0 	               0 	               0 	               0 	               0 	               0 	       28.605411 	   0.00025163568 	   0.00021127225 	   3.7489979e-05 	   2.6273133e-06 	   2.4575258e-07 	   3.8365274e-10 	               0 	   -0.0051437005 	   -0.0025609761 	   -0.0011798195 	  -0.00051407699 	   -0.0005232533 	  -0.00036557465
525000 	       28.479675 	               0 	               0 	               0 	               0 	               0 	               0 	       28.530233 	   0.00053658792 	   0.00043918598 	   8.8625624e-05 	   7.4022832e-06 	   1.3722861e-06 	   1.7509951e-09 	               0 	   -0.0051310174 	   -0.0025555452 	   -0.0011771143 	   -0.0005126825 	  -0.00052154863 	  -0.00036412681
526000 	       27.944422 	               0 	               0 	               0 	               0 	               0 	               0 	       28.294222 	   9.1210891e-05 	   7.7477787e-05 	   1.3132023e-05 	   5.8363773e-07 	   1.7430728e-08 	   1.3061447e-11 	               0 	   -0.0050776465 	   -0.0025320303 	   -0.0011655752 	  -0.00050690668 	  -0.00051468476 	  -0.00035844955
527000 	       26.169569 	               0 	               0 	               0 	               0 	               0 	               0 	        26.97687 	   2.2381715e-08 	   1.6232096e-08 	    6.140748e-09 	   8.7629505e-12 	   1.0809702e-13 	   1.0060988e-16 	               0 	   -0.0049185055 	   -0.0024610034 	   -0.0011309405 	  -0.00048979919 	  -0.00049464091 	  -0.00034212146
528000 	        24.87831 	               0 	               0 	               0 	               0 	               0 	               0 	        25.40515 	   3.3882037e-07 	   2.8808797e-07 	   5.0311069e-08 	   4.1639361e-10 	    4.932133e-12 	   1.2463499e-16 	               0 	   -0.0048025917 	   -0.0024088668 	   -0.0011056042 	  -0.00047738127 	  -0.00048022626 	  -0.00033051305
529000 	        23.92419 	               0 	               0 	               0 	               0 	               0 	               0 	       24.403064 	   0.00013316438 	   0.00011419467 	   1.7991746e-05 	   9.4314425e-07 	   3.4817625e-08 	               0 	               0 	   -0.0046992721 	   -0.0023627373 	   -0.0010830833 	   -0.0004662482 	  -0.00046721304 	   -0.0003199902
530000 	        23.15624 	               0 	               0 	               0 	               0 	               0 	               0 	       23.693714 	   1.2646763e-08 	    1.044896e-08 	   2.1887592e-09 	   8.9196745e-12 	   1.2377489e-13 	               0 	               0 	   -0.0046121705 	   -0.0023236893 	   -0.0010640479 	  -0.00045687374 	  -0.00045631391 	  -0.00031124568
531000 	        22.98403 	               0 	               0 	               0 	               0 	               0 	               0 	       23.011181 	   8.2738693e-05 	   7.0245402e-05 	   1.1934654e-05 	   5.4594762e-07 	    1.268945e-08 	               0 	               0 	   -0.0045861791 	   -0.0023122904 	    -0.001058421 	   -0.0004540353 	  -0.00045294152 	  -0.00030849093
532000 	       22.677482 	               0 	               0 	               0 	               0 	               0 	               0 	       22.801273 	   2.3306098e-08 	   1.7089314e-08 	   6.1990774e-09 	   1.7234729e-11 	   4.5881137e-13 	   1.3110461e-14 	               0 	   -0.0045450934 	   -0.0022942266 	   -0.0010495127 	  -0.00044955192 	  -0.00044763084 	  -0.00030417129
533000 	       22.289154 	               0 	               0 	               0 	               0 	               0 	               0 	       22.482931 	   7.9849026e-05 	    6.974574e-05 	   9.7806404e-06 	   3.2176016e-07 	   8.8636154e-10 	               0 	               0 	   -0.0044921406 	   -0.0022707896 	   -0.0010379903 	  -0.00044379109 	  -0.00044085781 	  -0.00029871177
534000 	       22.253643 	               0 	               0 	               0 	               0 	               0 	               0 	       22.232727 	   0.00057134071 	   0.00049302213 	   7.3603183e-05 	   4.3795906e-06 	   3.3580508e-07 	               0 	               0 	   -0.0044647359 	   -0.0022591545 	   -0.0010321313 	  -0.00044072954 	  -0.00043711809 	  -0.00029560243
535000 	       22.337911 	               0 	               0 	               0 	               0 	               0 	               0 	       22.359895 	    4.105167e-05 	   3.6045033e-05 	   4.9308715e-06 	   7.5041478e-08 	   7.2431544e-10 	               0 	               0 	    -0.004452301 	   -0.0022542773 	   -0.0010295587 	  -0.00043927623 	  -0.00043523072 	  -0.00029395797
536000 	       21.995493 	               0 	               0 	               0 	               0 	               0 	               0 	       22.110957 	   0.00011667964 	    9.981226e-05 	   1.6007637e-05 	   8.0237157e-07 	    5.736657e-08 	               0 	               0 	   -0.0044115597 	   -0.0022359745 	   -0.0010206226 	  -0.00043487479 	  -0.00043014402 	  -0.00028994376
537000 	       21.870702 	               0 	               0 	               0 	               0 	               0 	               0 	       21.918776 	   0.00028937035 	   0.00024761574 	   3.9350385e-05 	   2.3521722e-06 	   5.2047667e-08 	               0 	               0 	   -0.0043946352 	   -0.0022284222 	   -0.0010169198 	  -0.00043303686 	  -0.00042800639 	  -0.00028824998
538000 	       21.870702 	               0 	               0 	               0 	               0 	               0 	               0 	       21.919325 	   0.00011336392 	   9.8818219e-05 	   1.4043505e-05 	   4.9572909e-07 	   6.4691556e-09 	               0 	               0 	   -0.0043890966 	    -0.002226092 	   -0.0010157381 	   -0.0004324127 	  -0.00042723986 	  -0.00028761398
539000 	       21.870702 	               0 	               0 	               0 	               0 	               0 	               0 	       21.897906 	     9.28456e-05 	   8.0116154e-05 	   1.2240807e-05 	   4.8571701e-07 	   2.9218625e-09 	               0 	               0 	   -0.0043850776 	   -0.0022244043 	   -0.0010148811 	  -0.00043195918 	  -0.00042668213 	  -0.00028715092
540000 	       21.870702 	               0 	               0 	               0 	               0 	               0 	               0 	         21.8531 	   5.3975231e-05 	    4.625688e-05 	   7.4794557e-06 	   2.3606182e-07 	    2.834107e-09 	               0 	               0 	   -0.0043842318 	   -0.0022240663 	   -0.0010147045 	  -0.00043186097 	  -0.00042655657 	  -0.00028704346
541000 	       21.870702 	               0 	               0 	               0 	               0 	               0 	               0 	       21.796308 	   0.00010448062 	   8.9400403e-05 	   1.4352721e-05 	   6.8281923e-07 	   4.4672082e-08 	               0 	               0 	   -0.0043823888 	    -0.002223289 	   -0.0010143107 	  -0.00043165351 	  -0.00042630243 	  -0.00028683322
542000 	       21.790034 	               0 	               0 	               0 	               0 	               0 	               0 	       21.805688 	    3.812811e-08 	   3.3026274e-08 	   5.0789817e-09 	    2.250763e-11 	   3.4643584e-13 	               0 	               0 	   -0.0043754588 	    -0.002220128 	   -0.0010127792 	  -0.00043091123 	   -0.0004254594 	    -0.000286181
543000 	       21.472723 	               0 	               0 	               0 	               0 	               0 	               0 	       21.608276 	   5.0428602e-05 	   4.2829773e-05 	     7.33493e-06 	   2.5979672e-07 	   4.1022196e-09 	               0 	               0 	     -0.00433965 	   -0.0022037616 	   -0.0010048563 	  -0.00042707881 	  -0.00042111821 	  -0.00028283508
544000 	       21.306689 	               0 	               0 	               0 	               0 	               0 	               0 	       21.329642 	   5.6804932e-05 	   4.8352896e-05 	   8.1385634e-06 	   3.0610441e-07 	   7.3680294e-09 	               0 	               0 	   -0.0043351094 	    -0.002201221 	   -0.0010037527 	  -0.00042666753 	  -0.00042078827 	  -0.00028267989
545000 	       21.280872 	               0 	               0 	               0 	               0 	               0 	               0 	       21.219525 	   0.00035510613 	    0.0003087018 	   4.3830949e-05 	   2.5210978e-06 	   5.2275755e-08 	               0 	               0 	   -0.0043336276 	    -0.002200612 	   -0.0010034392 	  -0.00042649787 	  -0.00042057624 	  -0.00028250224
546000 	       21.272623 	               0 	               0 	               0 	               0 	               0 	               0 	        21.33231 	   7.7609002e-05 	   6.5763688e-05 	   1.1310126e-05 	   5.2215737e-07 	   1.3030544e-08 	               0 	               0 	   -0.0043265221 	   -0.0021975578 	   -0.0010019075 	  -0.00042570574 	  -0.00041962299 	  -0.00028172803
547000 	       21.309913 	               0 	               0 	               0 	               0 	               0 	               0 	       21.262798 	   6.4096078e-05 	   5.4293389e-05 	   9.3904375e-06 	   4.0289029e-07 	   9.3615189e-09 	               0 	               0 	   -0.0043271889 	   -0.0021980063 	   -0.0010020855 	  -0.00042575397 	   -0.0004196357 	  -0.00028170743
548000 	       21.348279 	               0 	               0 	               0 	               0 	               0 	               0 	       21.328456 	   9.2742498e-09 	   7.7418975e-09 	   1.5293492e-09 	   2.9080003e-12 	   9.5089219e-14 	               0 	               0 	   -0.0043298636 	   -0.0021992856 	   -0.0010026896 	  -0.00042603129 	   -0.0004199331 	  -0.00028192408
549000 	       21.385569 	               0 	               0 	               0 	               0 	               0 	               0 	        21.38927 	   3.3170315e-08 	   1.5972662e-08 	   1.7196093e-08 	   1.5585309e-12 	    1.507359e-15 	               0 	               0 	   -0.0043286368 	   -0.0021988801 	   -0.0010024509 	  -0.00042587482 	  -0.00041971072 	  -0.00028172029
550000 	       21.423578 	               0 	               0 	               0 	               0 	               0 	               0 	       21.410036 	   0.00019007859 	   0.00016220306 	   2.6241545e-05 	   1.5711694e-06 	   6.2820027e-08 	               0 	               0 	   -0.0043378678 	   -0.0022029795 	   -0.0010044687 	  -0.00042688275 	  -0.00042088674 	  -0.00028265007
551000 	       19.071657 	               0 	               0 	               0 	               0 	               0 	               0 	       20.604112 	   4.3821518e-05 	   3.7374314e-05 	   6.2236363e-06 	   2.1463872e-07 	    8.928776e-09 	               0 	               0 	   -0.0041177963 	   -0.0021011866 	  -0.00095542222 	  -0.00040343146 	  -0.00039474916 	  -0.00026300684
552000 	       22.523619 	               0 	               0 	               0 	               0 	               0 	               0 	       20.717601 	   0.00074688975 	   0.00062988425 	    0.0001087876 	   7.7919962e-06 	   4.2589899e-07 	               0 	               0 	   -0.0043216056 	   -0.0021995312 	   -0.0010017074 	  -0.00042449292 	  -0.00041702374 	  -0.00027885031
553000 	       21.750595 	               0 	               0 	               0 	               0 	               0 	               0 	       22.060045 	   0.00011120059 	   9.7555903e-05 	   1.3069885e-05 	   5.5803633e-07 	    1.676131e-08 	               0 	               0 	   -0.0042618767 	   -0.0021719248 	  -0.00098840455 	   -0.0004181289 	  -0.00040992145 	  -0.00027349704
554000 	       20.315217 	               0 	               0 	               0 	               0 	               0 	               0 	       21.409926 	   1.6867471e-08 	   4.8576216e-09 	   1.2009121e-08 	   7.2772395e-13 	   6.5455311e-16 	               0 	               0 	   -0.0041323934 	   -0.0021117091 	   -0.0009594412 	  -0.00040434745 	   -0.0003946841 	  -0.00026221153
555000 	       21.019754 	               0 	               0 	               0 	               0 	               0 	               0 	       20.418848 	   5.6010588e-05 	   4.9942368e-05 	   5.9190431e-06 	   1.4462626e-07 	   4.5503032e-09 	               0 	               0 	   -0.0041811286 	   -0.0021345525 	  -0.00097038764 	   -0.0004095125 	   -0.0004003366 	   -0.0002663393
556000 	       21.388801 	               0 	               0 	               0 	               0 	               0 	               0 	       21.009995 	   0.00020423037 	   0.00017441277 	    2.806805e-05 	   1.6877664e-06 	   6.1779011e-08 	               0 	               0 	   -0.0042302338 	   -0.0021572789 	  -0.00098134738 	  -0.00041475566 	  -0.00040616687 	  -0.00027068497
557000 	       21.120798 	               0 	               0 	               0 	               0 	               0 	               0 	       20.450063 	   9.2871344e-05 	    8.313807e-05 	   9.4396668e-06 	   2.9326653e-07 	   3.4110464e-10 	               0 	               0 	   -0.0041932204 	   -0.0021401282 	  -0.00097308323 	  -0.00041080806 	  -0.00040178245 	  -0.00026741855
558000 	       21.972091 	               0 	               0 	               0 	               0 	               0 	               0 	        22.90114 	   7.3587893e-05 	   6.2131553e-05 	   1.0922872e-05 	   5.2175416e-07 	   1.1713896e-08 	               0 	               0 	   -0.0043163809 	    -0.002196497 	   -0.0010004146 	  -0.00042403807 	  -0.00041669685 	  -0.00027873447
559000 	       21.410336 	               0 	               0 	               0 	               0 	               0 	               0 	       21.600811 	   9.8843586e-05 	   8.6382896e-05 	   1.2030196e-05 	   4.2961293e-07 	    8.808311e-10 	               0 	               0 	   -0.0042350332 	   -0.0021594309 	  -0.00098240376 	  -0.00041527915 	   -0.0004067695 	  -0.00027114994
560000 	       20.444702 	               0 	               0 	               0 	               0 	               0 	               0 	       20.734246 	   3.8556222e-07 	   2.8564323e-07 	    9.984763e-08 	   7.0921711e-11 	   4.4203925e-13 	               0 	               0 	   -0.0041422813 	   -0.0021162679 	  -0.00096164779 	   -0.0004054093 	  -0.00039586754 	   -0.0002630888
561000 	       21.203781 	               0 	               0 	               0 	               0 	               0 	               0 	       21.053679 	    4.947925e-05 	   4.3319764e-05 	    6.028039e-06 	   1.3134331e-07 	   1.0437609e-10 	               0 	               0 	     -0.00421657 	     -0.00215093 	   -0.0009782937 	  -0.00041330199 	  -0.00040455695 	  -0.00026948742
562000 	       21.203781 	               0 	               0 	               0 	               0 	               0 	               0 	       21.169954 	   4.4988181e-05 	   3.9845606e-05 	   5.0149483e-06 	   1.2731812e-07 	   3.0908213e-10 	               0 	               0 	   -0.0042151048 	   -0.0021502395 	  -0.00097796421 	  -0.00041314769 	   -0.0004043889 	  -0.00026936451
563000 	       21.203781 	               0 	               0 	               0 	               0 	               0 	               0 	       21.108883 	   5.1182224e-05 	   4.4044036e-05 	   6.8753513e-06 	   2.4987144e-07 	   1.2965665e-08 	               0 	               0 	   -0.0042152457 	   -0.0021503215 	  -0.00097799908 	   -0.0004131599 	  -0.00040439762 	  -0.00026936759
564000 	       21.203781 	               0 	               0 	               0 	               0 	               0 	               0 	        21.23078 	   7.6882695e-05 	   6.7550816e-05 	    9.059248e-06 	   2.7203373e-07 	   5.9664606e-10 	               0 	               0 	   -0.0042170527 	   -0.0021511617 	  -0.00097840309 	   -0.0004133521 	  -0.00040461028 	  -0.00026952552
565000 	       21.203781 	               0 	               0 	               0 	               0 	               0 	               0 	       21.243057 	   0.00026968916 	   0.00023518799 	   3.2761892e-05 	   1.7349313e-06 	   4.3477956e-09 	               0 	               0 	   -0.0042188832 	   -0.0021519934 	  -0.00097880837 	  -0.00041355006 	  -0.00040483496 	  -0.00026969644
566000 	       21.732623 	               0 	               0 	               0 	               0 	               0 	               0 	       21.257102 	   2.0004281e-07 	   1.7259005e-07 	   2.7201364e-08 	   2.4812556e-10 	   3.2705946e-12 	               0 	               0 	   -0.0042680917 	   -0.0021747568 	  -0.00098978097 	  -0.00041879837 	  -0.00041067991 	  -0.00027407558
567000 	       24.152198 	               0 	               0 	               0 	               0 	               0 	               0 	       23.312442 	    0.0001911789 	   0.00016156129 	   2.7806025e-05 	   1.7112088e-06 	   1.0037291e-07 	               0 	               0 	   -0.0044939272 	   -0.0022784493 	   -0.0010398703 	   -0.0004429119 	  -0.00043784012 	  -0.00029485554
568000 	       23.793669 	               0 	               0 	               0 	               0 	               0 	               0 	       23.930511 	   0.00012021123 	   0.00010227087 	   1.6986028e-05 	   9.2111883e-07 	   3.3214182e-08 	               0 	               0 	   -0.0044756834 	   -0.0022698092 	   -0.0010357725 	  -0.00044101057 	   -0.0004357723 	  -0.00029331881
569000 	       23.551973 	               0 	               0 	               0 	               0 	               0 	               0 	       23.651964 	   5.6736625e-05 	   4.8201915e-05 	   8.1327487e-06 	   3.8812444e-07 	   1.3836917e-08 	    6.375644e-43 	               0 	   -0.0044475111 	   -0.0022570444 	   -0.0010295673 	  -0.00043798185 	  -0.00043230554 	  -0.00029061198
570000 	        25.52682 	               0 	               0 	               0 	               0 	               0 	               0 	       24.630299 	    7.940054e-05 	   6.7385737e-05 	   1.1348822e-05 	   6.3347017e-07 	   3.2502079e-08 	   8.8461563e-12 	               0 	   -0.0046211291 	   -0.0023362216 	   -0.0010678883 	  -0.00045653848 	   -0.0004534198 	  -0.00030706097
571000 	       23.150704 	               0 	               0 	               0 	               0 	               0 	               0 	       23.887199 	   0.00019802656 	   0.00016720588 	   2.8885047e-05 	   1.8637219e-06 	   7.1886071e-08 	   1.9739657e-11 	               0 	   -0.0045284936 	   -0.0022902926 	   -0.0010466489 	  -0.00044721936 	  -0.00044389671 	   -0.0003004361
572000 	       25.614747 	               0 	               0 	               0 	               0 	               0 	               0 	       24.913641 	   1.2391695e-08 	   1.0835052e-08 	   1.5446884e-09 	   1.1780258e-11 	   1.7514816e-13 	    2.002601e-17 	               0 	   -0.0047563288 	    -0.002393302 	   -0.0010966672 	  -0.00047163986 	  -0.00047200531 	  -0.00032271438
573000 	       25.767879 	               0 	               0 	               0 	               0 	               0 	               0 	       25.699883 	   6.9434252e-05 	   5.8932763e-05 	   1.0007053e-05 	   4.8128593e-07 	    1.311488e-08 	   3.4278741e-11 	               0 	   -0.0048387382 	   -0.0024276131 	   -0.0011140717 	   -0.0004808895 	  -0.00048355272 	   -0.0003326112
574000 	       25.987685 	               0 	               0 	               0 	               0 	               0 	               0 	       26.663525 	   0.00078579052 	   0.00065303127 	    0.0001210493 	   9.9481597e-06 	   1.7509105e-06 	   1.0876891e-08 	               0 	   -0.0047396878 	   -0.0023881632 	   -0.0010935496 	   -0.0004695002 	  -0.00046883013 	  -0.00031964464
575000 	       28.253106 	               0 	               0 	               0 	               0 	               0 	               0 	       27.960105 	   0.00044267732 	   0.00036879544 	   6.7947045e-05 	   5.1426711e-06 	   7.8744572e-07 	    4.723747e-09 	               0 	   -0.0049665696 	   -0.0024893743 	   -0.0011429867 	   -0.0004939623 	  -0.00049744705 	  -0.00034279922
576000 	       26.867231 	               0 	               0 	               0 	               0 	               0 	               0 	        27.21854 	    0.0040087428 	     0.003298067 	   0.00064152274 	   5.3161422e-05 	    1.566071e-05 	   3.3090479e-07 	               0 	   -0.0049572347 	   -0.0024803357 	   -0.0011398411 	  -0.00049366804 	  -0.00049855879 	  -0.00034483102
577000 	       26.659991 	               0 	               0 	               0 	               0 	               0 	               0 	       26.799465 	   9.2015723e-05 	   7.6798856e-05 	   1.4098771e-05 	   1.0569779e-06 	    6.089866e-08 	   2.1971902e-10 	               0 	    -0.004933622 	   -0.0024696508 	   -0.0011346666 	  -0.00049114903 	   -0.0004956529 	  -0.00034250266
578000 	       26.618391 	               0 	               0 	               0 	               0 	               0 	               0 	       26.645281 	   0.00010657786 	   9.1231917e-05 	    1.454654e-05 	   7.5572706e-07 	   4.3578853e-08 	   9.4422017e-11 	               0 	   -0.0049234089 	   -0.0024653062 	   -0.0011324916 	  -0.00049001898 	  -0.00049426597 	  -0.00034132616
579000 	       26.600462 	               0 	               0 	               0 	               0 	               0 	               0 	       26.616599 	   0.00062943106 	   0.00051892359 	   0.00010078562 	    8.207502e-06 	   1.5073806e-06 	   6.9746212e-09 	               0 	   -0.0049187062 	   -0.0024633653 	   -0.0011315036 	  -0.00048948989 	  -0.00049359935 	  -0.00034074808
580000 	        26.58361 	               0 	               0 	               0 	               0 	               0 	               0 	       26.575435 	   0.00018471564 	   0.00015399654 	   2.8390785e-05 	   2.1327055e-06 	   1.9508725e-07 	   5.2596328e-10 	               0 	   -0.0049135173 	   -0.0024612297 	   -0.0011304148 	  -0.00048890514 	  -0.00049286096 	   -0.0003401067
581000 	       26.566759 	               0 	               0 	               0 	               0 	               0 	               0 	       26.542462 	    8.009306e-05 	     6.81925e-05 	   1.1166134e-05 	   6.8895063e-07 	   4.4925557e-08 	   5.4952072e-10 	               0 	   -0.0049156993 	   -0.0024621614 	   -0.0011308803 	  -0.00048914614 	  -0.00049315568 	  -0.00034035579
582000 	       26.548831 	               0 	               0 	               0 	               0 	               0 	               0 	       26.585028 	   7.5957938e-05 	   6.3166241e-05 	   1.1689473e-05 	   1.0465757e-06 	   5.5550039e-08 	   9.7905318e-11 	               0 	   -0.0049104025 	   -0.0024599647 	    -0.001129765 	  -0.00048855163 	  -0.00049240979 	  -0.00033971144
583000 	       26.531978 	               0 	               0 	               0 	               0 	               0 	               0 	       26.472116 	   0.00012220326 	   0.00010212414 	   1.8558504e-05 	   1.4004723e-06 	    1.193632e-07 	   7.8488931e-10 	               0 	   -0.0049073639 	   -0.0024585413 	   -0.0011290879 	  -0.00048823441 	  -0.00049205854 	  -0.00033944176
584000 	       26.515126 	               0 	               0 	               0 	               0 	               0 	               0 	       26.497741 	    8.811947e-05 	   7.3379558e-05 	   1.3590657e-05 	   1.0865314e-06 	   6.2597832e-08 	   1.2532155e-10 	               0 	   -0.0049064753 	   -0.0024581205 	   -0.0011288889 	   -0.0004881423 	  -0.00049195794 	  -0.00033936567
585000 	       26.498273 	               0 	               0 	               0 	               0 	               0 	               0 	        26.50104 	   3.6256828e-08 	   3.1814366e-08 	   4.3871759e-09 	   5.4323776e-11 	   9.5258154e-13 	   9.9269581e-15 	               0 	   -0.0049050814 	   -0.0024575112 	   -0.0011285883 	   -0.0004879904 	  -0.00049177632 	  -0.00033921525
586000 	       26.480346 	               0 	               0 	               0 	               0 	               0 	               0 	       26.515054 	   7.5861489e-05 	   6.3411041e-05 	   1.1622952e-05 	   7.8955785e-07 	   3.7802628e-08 	   1.3556993e-10 	               0 	   -0.0049171963 	   -0.0024625606 	   -0.0011311449 	   -0.0004893465 	  -0.00049347059 	  -0.00034067376
587000 	       26.463493 	               0 	               0 	               0 	               0 	               0 	               0 	       26.489461 	   6.4224733e-05 	   5.4789712e-05 	   8.9257726e-06 	   4.8634893e-07 	   2.2828152e-08 	   7.1000319e-11 	               0 	   -0.0049125867 	    -0.002460551 	    -0.001130152 	  -0.00048884345 	  -0.00049286741 	   -0.0003401728
588000 	       26.413301 	               0 	               0 	               0 	               0 	               0 	               0 	       26.466667 	   1.8807957e-08 	   1.6474803e-08 	   2.2992631e-09 	   3.3416104e-11 	   4.7305785e-13 	   1.5692312e-15 	               0 	   -0.0049105378 	    -0.002459579 	   -0.0011296927 	  -0.00048863136 	  -0.00049263633 	  -0.00033999844
589000 	       26.113198 	               0 	               0 	               0 	               0 	               0 	               0 	       26.249602 	   7.8474564e-05 	   6.6804093e-05 	   1.1138588e-05 	    5.082029e-07 	   2.3554149e-08 	   1.2536384e-10 	               0 	   -0.0048864522 	   -0.0024486831 	    -0.001124414 	   -0.0004860603 	  -0.00048967051 	  -0.00033762431
590000 	       25.951111 	               0 	               0 	               0 	               0 	               0 	               0 	       26.068955 	    8.680216e-05 	   7.2729028e-05 	   1.3206385e-05 	   8.2479864e-07 	   4.1776445e-08 	    1.725035e-10 	               0 	   -0.0048698139 	   -0.0024412663 	   -0.0011207922 	  -0.00048426774 	  -0.00048756988 	  -0.00033591774
591000 	       25.945374 	               0 	               0 	               0 	               0 	               0 	               0 	       25.966231 	   0.00016242413 	   0.00013800135 	    2.302233e-05 	   1.3057082e-06 	   9.4499635e-08 	   2.3894133e-10 	               0 	   -0.0048646559 	   -0.0024391668 	   -0.0011197147 	  -0.00048368265 	  -0.00048682486 	  -0.00033526695
592000 	       25.939637 	               0 	               0 	               0 	               0 	               0 	               0 	       25.978581 	   0.00017994651 	   0.00015435846 	   2.4310882e-05 	   1.2234782e-06 	   5.3308794e-08 	   3.8101982e-10 	               0 	    -0.004861517 	   -0.0024379042 	   -0.0011190623 	  -0.00048332433 	  -0.00048636436 	  -0.00033486178
593000 	       25.934259 	               0 	               0 	               0 	               0 	               0 	               0 	       25.946831 	   0.00014684297 	   0.00012455784 	   2.0937952e-05 	   1.2746245e-06 	   7.2242327e-08 	   3.1171124e-10 	               0 	     -0.00485911 	   -0.0024369453 	   -0.0011185642 	  -0.00048304816 	  -0.00048600682 	  -0.00033454542
594000 	       25.929239 	               0 	               0 	               0 	               0 	               0 	               0 	       25.913708 	    6.628782e-05 	   5.6066614e-05 	   9.6215755e-06 	   5.7597902e-07 	    2.361597e-08 	   3.5701921e-11 	               0 	   -0.0048615083 	    -0.002438049 	   -0.0011190942 	  -0.00048330155 	  -0.00048629341 	  -0.00033477016
595000 	       25.923143 	               0 	               0 	               0 	               0 	               0 	               0 	       25.890589 	   0.00010957266 	    9.181233e-05 	   1.6550298e-05 	   1.1366385e-06 	   7.3108313e-08 	   2.8372804e-10 	               0 	   -0.0048602426 	   -0.0024375788 	     -0.00111884 	  -0.00048315132 	  -0.00048608943 	  -0.00033458307
596000 	       25.917765 	               0 	               0 	               0 	               0 	               0 	               0 	       25.993621 	   7.5161242e-05 	    6.481572e-05 	   9.9905926e-06 	   3.4806728e-07 	   6.7562602e-09 	   1.0579846e-10 	               0 	   -0.0048584826 	   -0.0024368606 	   -0.0011184719 	  -0.00048295188 	  -0.00048583601 	  -0.00033436219
597000 	       25.912028 	               0 	               0 	               0 	               0 	               0 	               0 	       25.974727 	     0.001553599 	    0.0013384289 	   0.00019980105 	   1.4092345e-05 	   1.2454949e-06 	   3.1199282e-08 	               0 	   -0.0048561263 	   -0.0024359235 	   -0.0011179846 	  -0.00048268127 	  -0.00048548528 	  -0.00033405166
598000 	       25.907008 	               0 	               0 	               0 	               0 	               0 	               0 	       25.954303 	   0.00029254494 	   0.00024801361 	   4.1285741e-05 	   2.9859307e-06 	   2.5829483e-07 	   1.3672518e-09 	               0 	    -0.004852617 	   -0.0024345011 	   -0.0011172527 	  -0.00048228213 	  -0.00048497549 	  -0.00033360556
599000 	       25.900912 	               0 	               0 	               0 	               0 	               0 	               0 	       25.886647 	   0.00033086601 	   0.00027916009 	   4.7955119e-05 	   3.3678884e-06 	   3.8112268e-07 	   1.7926174e-09 	               0 	   -0.0048678794 	   -0.0024409355 	   -0.0011204918 	  -0.00048398127 	  -0.00048707594 	  -0.00033539484
600000 	       25.895893 	               0 	               0 	               0 	               0 	               0 	               0 	       25.893634 	    0.0001121034 	   9.5104845e-05 	   1.5885498e-05 	   1.0270253e-06 	   8.5428476e-08 	    6.030601e-10 	               0 	   -0.0048684415 	   -0.0024411919 	   -0.0011206155 	  -0.00048404099 	  -0.00048714418 	  -0.00033544891
601000 	       25.890156 	               0 	               0 	               0 	               0 	               0 	               0 	       25.939737 	   0.00017370827 	   0.00014713067 	    2.488132e-05 	   1.6235562e-06 	   7.2132518e-08 	   5.9161554e-10 	               0 	   -0.0048592865 	   -0.0024374693 	   -0.0011187037 	   -0.0004830017 	  -0.00048581988 	   -0.0003342919
602000 	       25.884777 	               0 	               0 	               0 	               0 	               0 	               0 	       25.910433 	   0.00061893329 	   0.00051381679 	   9.6012889e-05 	   7.6871001e-06 	   1.4103489e-06 	   6.1710404e-09 	               0 	   -0.0048157953 	   -0.0024196689 	   -0.0011095915 	  -0.00047807802 	  -0.00047958233 	  -0.00032887466
603000 	       25.879758 	               0 	               0 	               0 	               0 	               0 	               0 	       25.818434 	   7.3189626e-05 	   6.2585808e-05 	   1.0113397e-05 	    4.694065e-07 	   2.0893247e-08 	   1.2191381e-10 	               0 	   -0.0048343047 	   -0.0024272118 	   -0.0011134629 	  -0.00048017904 	  -0.00048225254 	  -0.00033119834
604000 	       25.873662 	               0 	               0 	               0 	               0 	               0 	               0 	        25.92372 	    0.0026462445 	     0.002242118 	    0.0003688873 	   3.0395262e-05 	   4.7227468e-06 	   1.2116465e-07 	               0 	   -0.0048312631 	   -0.0024259202 	   -0.0011128151 	  -0.00047984157 	  -0.00048183827 	  -0.00033084799
